CREATE TABLE `author` (
  `id` INT NOT NULL AUTO_INCREMENT PRIMARY KEY
,  `name` varchar(40) NOT NULL
,  `surname` varchar(60) DEFAULT NULL
);
INSERT INTO author (id, name, surname) VALUES(1,'Aeschylus','');
INSERT INTO author (id, name, surname) VALUES(3,'Aristotle','');
INSERT INTO author (id, name, surname) VALUES(4,'Augustine','');
INSERT INTO author (id, name, surname) VALUES(5,'Herodotus','');
INSERT INTO author (id, name, surname) VALUES(6,'Homer','');
INSERT INTO author (id, name, surname) VALUES(7,'Ovidius','');
INSERT INTO author (id, name, surname) VALUES(8,'Plato','');
INSERT INTO author (id, name, surname) VALUES(9,'Sophocles','');
INSERT INTO author (id, name, surname) VALUES(10,'Stendhal','');
INSERT INTO author (id, name, surname) VALUES(11,'Sunzi','');
INSERT INTO author (id, name, surname) VALUES(12,'Vergilius','');
INSERT INTO author (id, name, surname) VALUES(13,'Voltaire','');
INSERT INTO author (id, name, surname) VALUES(14,'Edwin A.','Abbott');
INSERT INTO author (id, name, surname) VALUES(15,'Chinua','Achebe');
INSERT INTO author (id, name, surname) VALUES(16,'Douglas','Adams');
INSERT INTO author (id, name, surname) VALUES(17,'Richard','Adams');
INSERT INTO author (id, name, surname) VALUES(18,'Aravind','Adiga');
INSERT INTO author (id, name, surname) VALUES(19,'Mitch','Albom');
INSERT INTO author (id, name, surname) VALUES(20,'Louisa May','Alcott');
INSERT INTO author (id, name, surname) VALUES(21,'Sherman','Alexie');
INSERT INTO author (id, name, surname) VALUES(22,'Dante','Alighieri');
INSERT INTO author (id, name, surname) VALUES(23,'David','Allen');
INSERT INTO author (id, name, surname) VALUES(24,'Isabel','Allende');
INSERT INTO author (id, name, surname) VALUES(25,'Chris Van','Allsburg');
INSERT INTO author (id, name, surname) VALUES(26,'Laurie Halse','Anderson');
INSERT INTO author (id, name, surname) VALUES(27,'Maya','Angelou');
INSERT INTO author (id, name, surname) VALUES(28,'Jay','Asher');
INSERT INTO author (id, name, surname) VALUES(29,'Isaac','Asimov');
INSERT INTO author (id, name, surname) VALUES(30,'Kate','Atkinson');
INSERT INTO author (id, name, surname) VALUES(31,'Richard','Atwater');
INSERT INTO author (id, name, surname) VALUES(32,'Margaret','Atwood');
INSERT INTO author (id, name, surname) VALUES(33,'Jean M.','Auel');
INSERT INTO author (id, name, surname) VALUES(34,'Marcus','Aurelius');
INSERT INTO author (id, name, surname) VALUES(35,'Jane','Austen');
INSERT INTO author (id, name, surname) VALUES(36,'Paul','Auster');
INSERT INTO author (id, name, surname) VALUES(37,'Natalie','Babbitt');
INSERT INTO author (id, name, surname) VALUES(38,'Richard','Bach');
INSERT INTO author (id, name, surname) VALUES(39,'Muriel','Barbery');
INSERT INTO author (id, name, surname) VALUES(40,'Julian','Barnes');
INSERT INTO author (id, name, surname) VALUES(41,'Judi','Barrett');
INSERT INTO author (id, name, surname) VALUES(42,'James Matthew','Barrie');
INSERT INTO author (id, name, surname) VALUES(43,'L. Frank','Baum');
INSERT INTO author (id, name, surname) VALUES(44,'Samuel','Beckett');
INSERT INTO author (id, name, surname) VALUES(45,'Ludwig','Bemelmans');
INSERT INTO author (id, name, surname) VALUES(46,'John','Berendt');
INSERT INTO author (id, name, surname) VALUES(47,'Louis De','Bernières');
INSERT INTO author (id, name, surname) VALUES(48,'Judy','Blume');
INSERT INTO author (id, name, surname) VALUES(49,'Giovanni','Boccaccio');
INSERT INTO author (id, name, surname) VALUES(50,'Dietrich','Bonhoeffer');
INSERT INTO author (id, name, surname) VALUES(51,'Corrie Ten','Boom');
INSERT INTO author (id, name, surname) VALUES(52,'Anthony','Bourdain');
INSERT INTO author (id, name, surname) VALUES(53,'John','Boyne');
INSERT INTO author (id, name, surname) VALUES(54,'Ray','Bradbury');
INSERT INTO author (id, name, surname) VALUES(55,'Alan','Bradley');
INSERT INTO author (id, name, surname) VALUES(56,'Marion Zimmer','Bradley');
INSERT INTO author (id, name, surname) VALUES(57,'Ann','Brashares');
INSERT INTO author (id, name, surname) VALUES(58,'Libba','Bray');
INSERT INTO author (id, name, surname) VALUES(59,'Charlotte','Brontë');
INSERT INTO author (id, name, surname) VALUES(60,'Emily','Brontë');
INSERT INTO author (id, name, surname) VALUES(61,'Geraldine','Brooks');
INSERT INTO author (id, name, surname) VALUES(62,'Max','Brooks');
INSERT INTO author (id, name, surname) VALUES(63,'Terry','Brooks');
INSERT INTO author (id, name, surname) VALUES(64,'Dan','Brown');
INSERT INTO author (id, name, surname) VALUES(65,'Dee','Brown');
INSERT INTO author (id, name, surname) VALUES(66,'Margaret Wise','Brown');
INSERT INTO author (id, name, surname) VALUES(67,'Bill','Bryson');
INSERT INTO author (id, name, surname) VALUES(68,'Pearl S.','Buck');
INSERT INTO author (id, name, surname) VALUES(69,'Mikhail','Bulgakov');
INSERT INTO author (id, name, surname) VALUES(70,'John','Bunyan');
INSERT INTO author (id, name, surname) VALUES(71,'Anthony','Burgess');
INSERT INTO author (id, name, surname) VALUES(72,'Frances Hodgson','Burnett');
INSERT INTO author (id, name, surname) VALUES(73,'Augusten','Burroughs');
INSERT INTO author (id, name, surname) VALUES(74,'William S.','Burroughs');
INSERT INTO author (id, name, surname) VALUES(75,'Jim','Butcher');
INSERT INTO author (id, name, surname) VALUES(76,'A. S.','Byatt');
INSERT INTO author (id, name, surname) VALUES(77,'Susan','Cain');
INSERT INTO author (id, name, surname) VALUES(78,'Ian','Caldwell');
INSERT INTO author (id, name, surname) VALUES(79,'Italo','Calvino');
INSERT INTO author (id, name, surname) VALUES(80,'Joseph','Campbell');
INSERT INTO author (id, name, surname) VALUES(81,'Albert','Camus');
INSERT INTO author (id, name, surname) VALUES(82,'Truman','Capote');
INSERT INTO author (id, name, surname) VALUES(83,'Orson Scott','Card');
INSERT INTO author (id, name, surname) VALUES(84,'Eric','Carle');
INSERT INTO author (id, name, surname) VALUES(85,'Dale','Carnegie');
INSERT INTO author (id, name, surname) VALUES(86,'Caleb','Carr');
INSERT INTO author (id, name, surname) VALUES(87,'John le','Carré');
INSERT INTO author (id, name, surname) VALUES(88,'Lewis','Carroll');
INSERT INTO author (id, name, surname) VALUES(89,'Kristin','Cashore');
INSERT INTO author (id, name, surname) VALUES(90,'P. C.','Cast');
INSERT INTO author (id, name, surname) VALUES(91,'Willa','Cather');
INSERT INTO author (id, name, surname) VALUES(92,'Michael','Chabon');
INSERT INTO author (id, name, surname) VALUES(93,'Raymond','Chandler');
INSERT INTO author (id, name, surname) VALUES(94,'Jung','Chang');
INSERT INTO author (id, name, surname) VALUES(95,'Gary D.','Chapman');
INSERT INTO author (id, name, surname) VALUES(96,'Geoffrey','Chaucer');
INSERT INTO author (id, name, surname) VALUES(97,'Stephen','Chbosky');
INSERT INTO author (id, name, surname) VALUES(98,'Tracy','Chevalier');
INSERT INTO author (id, name, surname) VALUES(99,'Kate','Chopin');
INSERT INTO author (id, name, surname) VALUES(100,'Agatha','Christie');
INSERT INTO author (id, name, surname) VALUES(101,'Sandra','Cisneros');
INSERT INTO author (id, name, surname) VALUES(102,'Tom','Clancy');
INSERT INTO author (id, name, surname) VALUES(103,'Cassandra','Clare');
INSERT INTO author (id, name, surname) VALUES(104,'Arthur C.','Clarke');
INSERT INTO author (id, name, surname) VALUES(105,'Susanna','Clarke');
INSERT INTO author (id, name, surname) VALUES(106,'James','Clavell');
INSERT INTO author (id, name, surname) VALUES(107,'Beverly','Cleary');
INSERT INTO author (id, name, surname) VALUES(108,'Chris','Cleave');
INSERT INTO author (id, name, surname) VALUES(109,'Ernest','Cline');
INSERT INTO author (id, name, surname) VALUES(110,'Paulo','Coelho');
INSERT INTO author (id, name, surname) VALUES(111,'J. M.','Coetzee');
INSERT INTO author (id, name, surname) VALUES(112,'Eoin','Colfer');
INSERT INTO author (id, name, surname) VALUES(113,'Jim','Collins');
INSERT INTO author (id, name, surname) VALUES(114,'Suzanne','Collins');
INSERT INTO author (id, name, surname) VALUES(115,'Wilkie','Collins');
INSERT INTO author (id, name, surname) VALUES(116,'Ally','Condie');
INSERT INTO author (id, name, surname) VALUES(117,'Joseph','Conrad');
INSERT INTO author (id, name, surname) VALUES(118,'James Fenimore','Cooper');
INSERT INTO author (id, name, surname) VALUES(119,'Susan','Cooper');
INSERT INTO author (id, name, surname) VALUES(120,'Stephen R.','Covey');
INSERT INTO author (id, name, surname) VALUES(121,'Stephen','Crane');
INSERT INTO author (id, name, surname) VALUES(122,'Sharon','Creech');
INSERT INTO author (id, name, surname) VALUES(123,'Michael','Crichton');
INSERT INTO author (id, name, surname) VALUES(124,'Doreen','Cronin');
INSERT INTO author (id, name, surname) VALUES(125,'Justin','Cronin');
INSERT INTO author (id, name, surname) VALUES(126,'Michael','Cunningham');
INSERT INTO author (id, name, surname) VALUES(127,'Christopher Paul','Curtis');
INSERT INTO author (id, name, surname) VALUES(128,'Roald','Dahl');
INSERT INTO author (id, name, surname) VALUES(129,'Mark Z.','Danielewski');
INSERT INTO author (id, name, surname) VALUES(130,'Charles','Darwin');
INSERT INTO author (id, name, surname) VALUES(131,'James','Dashner');
INSERT INTO author (id, name, surname) VALUES(132,'Richard','Dawkins');
INSERT INTO author (id, name, surname) VALUES(133,'Daniel','Defoe');
INSERT INTO author (id, name, surname) VALUES(134,'Don','DeLillo');
INSERT INTO author (id, name, surname) VALUES(135,'Anita','Diamant');
INSERT INTO author (id, name, surname) VALUES(136,'Jared','Diamond');
INSERT INTO author (id, name, surname) VALUES(137,'Junot','Diaz');
INSERT INTO author (id, name, surname) VALUES(138,'Kate','DiCamillo');
INSERT INTO author (id, name, surname) VALUES(139,'Philip K.','Dick');
INSERT INTO author (id, name, surname) VALUES(140,'Charles','Dickens');
INSERT INTO author (id, name, surname) VALUES(141,'Joan','Didion');
INSERT INTO author (id, name, surname) VALUES(142,'Anthony','Doerr');
INSERT INTO author (id, name, surname) VALUES(143,'Emma','Donoghue');
INSERT INTO author (id, name, surname) VALUES(144,'Fyodor','Dostoevsky');
INSERT INTO author (id, name, surname) VALUES(145,'Sir Arthur Conan','Doyle');
INSERT INTO author (id, name, surname) VALUES(146,'Alexandre','Dumas');
INSERT INTO author (id, name, surname) VALUES(147,'Jeanne','DuPrau');
INSERT INTO author (id, name, surname) VALUES(148,'P. D.','Eastman');
INSERT INTO author (id, name, surname) VALUES(149,'Umberto','Eco');
INSERT INTO author (id, name, surname) VALUES(150,'David','Eddings');
INSERT INTO author (id, name, surname) VALUES(151,'Kim','Edwards');
INSERT INTO author (id, name, surname) VALUES(152,'Jennifer','Egan');
INSERT INTO author (id, name, surname) VALUES(153,'Dave','Eggers');
INSERT INTO author (id, name, surname) VALUES(154,'Barbara','Ehrenreich');
INSERT INTO author (id, name, surname) VALUES(155,'George','Eliot');
INSERT INTO author (id, name, surname) VALUES(156,'Bret Easton','Ellis');
INSERT INTO author (id, name, surname) VALUES(157,'Ralph','Ellison');
INSERT INTO author (id, name, surname) VALUES(158,'Michael','Ende');
INSERT INTO author (id, name, surname) VALUES(159,'Laura','Esquivel');
INSERT INTO author (id, name, surname) VALUES(160,'Jeffrey','Eugenides');
INSERT INTO author (id, name, surname) VALUES(161,'Janet','Evanovich');
INSERT INTO author (id, name, surname) VALUES(162,'William','Faulkner');
INSERT INTO author (id, name, surname) VALUES(163,'Tina','Fey');
INSERT INTO author (id, name, surname) VALUES(164,'Richard','Feynman');
INSERT INTO author (id, name, surname) VALUES(165,'Jasper','Fforde');
INSERT INTO author (id, name, surname) VALUES(166,'Helen','Fielding');
INSERT INTO author (id, name, surname) VALUES(167,'Henry','Fielding');
INSERT INTO author (id, name, surname) VALUES(168,'Janet','Fitch');
INSERT INTO author (id, name, surname) VALUES(169,'F. Scott','Fitzgerald');
INSERT INTO author (id, name, surname) VALUES(170,'Fannie','Flagg');
INSERT INTO author (id, name, surname) VALUES(171,'Gustave','Flaubert');
INSERT INTO author (id, name, surname) VALUES(172,'Gillian','Flynn');
INSERT INTO author (id, name, surname) VALUES(173,'Jonathan Safran','Foer');
INSERT INTO author (id, name, surname) VALUES(174,'Ken','Follett');
INSERT INTO author (id, name, surname) VALUES(175,'Gayle','Forman');
INSERT INTO author (id, name, surname) VALUES(176,'E. M.','Forster');
INSERT INTO author (id, name, surname) VALUES(177,'Anne','Frank');
INSERT INTO author (id, name, surname) VALUES(178,'Viktor E.','Frankl');
INSERT INTO author (id, name, surname) VALUES(179,'Jonathan','Franzen');
INSERT INTO author (id, name, surname) VALUES(180,'Charles','Frazier');
INSERT INTO author (id, name, surname) VALUES(181,'Don','Freeman');
INSERT INTO author (id, name, surname) VALUES(182,'Tana','French');
INSERT INTO author (id, name, surname) VALUES(183,'James','Frey');
INSERT INTO author (id, name, surname) VALUES(184,'Thomas L.','Friedman');
INSERT INTO author (id, name, surname) VALUES(185,'Cornelia','Funke');
INSERT INTO author (id, name, surname) VALUES(186,'Jostein','Gaarder');
INSERT INTO author (id, name, surname) VALUES(187,'Diana','Gabaldon');
INSERT INTO author (id, name, surname) VALUES(188,'Neil','Gaiman');
INSERT INTO author (id, name, surname) VALUES(189,'Robert','Galbraith');
INSERT INTO author (id, name, surname) VALUES(190,'Jean Craighead','George');
INSERT INTO author (id, name, surname) VALUES(191,'Kahlil','Gibran');
INSERT INTO author (id, name, surname) VALUES(192,'William','Gibson');
INSERT INTO author (id, name, surname) VALUES(193,'Elizabeth','Gilbert');
INSERT INTO author (id, name, surname) VALUES(194,'Malcolm','Gladwell');
INSERT INTO author (id, name, surname) VALUES(195,'Nikolai','Gogol');
INSERT INTO author (id, name, surname) VALUES(196,'Arthur','Golden');
INSERT INTO author (id, name, surname) VALUES(197,'William','Golding');
INSERT INTO author (id, name, surname) VALUES(198,'William','Goldman');
INSERT INTO author (id, name, surname) VALUES(199,'Terry','Goodkind');
INSERT INTO author (id, name, surname) VALUES(200,'Doris Kearns','Goodwin');
INSERT INTO author (id, name, surname) VALUES(201,'Kenneth','Grahame');
INSERT INTO author (id, name, surname) VALUES(202,'Seth','Grahame-Smith');
INSERT INTO author (id, name, surname) VALUES(203,'Robert','Graves');
INSERT INTO author (id, name, surname) VALUES(204,'John','Green');
INSERT INTO author (id, name, surname) VALUES(205,'Brian','Greene');
INSERT INTO author (id, name, surname) VALUES(206,'Philippa','Gregory');
INSERT INTO author (id, name, surname) VALUES(207,'Jacob','Grimm');
INSERT INTO author (id, name, surname) VALUES(208,'John','Grisham');
INSERT INTO author (id, name, surname) VALUES(209,'John','Grogan');
INSERT INTO author (id, name, surname) VALUES(210,'Lev','Grossman');
INSERT INTO author (id, name, surname) VALUES(211,'Sara','Gruen');
INSERT INTO author (id, name, surname) VALUES(212,'Ursula K. Le','Guin');
INSERT INTO author (id, name, surname) VALUES(213,'David','Guterson');
INSERT INTO author (id, name, surname) VALUES(214,'Mark','Haddon');
INSERT INTO author (id, name, surname) VALUES(215,'Joe','Haldeman');
INSERT INTO author (id, name, surname) VALUES(216,'Alexander','Hamilton');
INSERT INTO author (id, name, surname) VALUES(217,'Edith','Hamilton');
INSERT INTO author (id, name, surname) VALUES(218,'Laurell K.','Hamilton');
INSERT INTO author (id, name, surname) VALUES(219,'Dashiell','Hammett');
INSERT INTO author (id, name, surname) VALUES(220,'Thomas','Hardy');
INSERT INTO author (id, name, surname) VALUES(221,'Deborah','Harkness');
INSERT INTO author (id, name, surname) VALUES(222,'Charlaine','Harris');
INSERT INTO author (id, name, surname) VALUES(223,'Joanne','Harris');
INSERT INTO author (id, name, surname) VALUES(224,'Thomas','Harris');
INSERT INTO author (id, name, surname) VALUES(225,'Stephen','Hawking');
INSERT INTO author (id, name, surname) VALUES(226,'Paula','Hawkins');
INSERT INTO author (id, name, surname) VALUES(227,'Nathaniel','Hawthorne');
INSERT INTO author (id, name, surname) VALUES(228,'Robert A.','Heinlein');
INSERT INTO author (id, name, surname) VALUES(229,'Joseph','Heller');
INSERT INTO author (id, name, surname) VALUES(230,'Ernest','Hemingway');
INSERT INTO author (id, name, surname) VALUES(231,'Frank','Herbert');
INSERT INTO author (id, name, surname) VALUES(232,'Hermann','Hesse');
INSERT INTO author (id, name, surname) VALUES(233,'Carl','Hiaasen');
INSERT INTO author (id, name, surname) VALUES(234,'Laura','Hillenbrand');
INSERT INTO author (id, name, surname) VALUES(235,'S. E.','Hinton');
INSERT INTO author (id, name, surname) VALUES(236,'Christopher','Hitchens');
INSERT INTO author (id, name, surname) VALUES(237,'Robin','Hobb');
INSERT INTO author (id, name, surname) VALUES(238,'Peter','Høeg');
INSERT INTO author (id, name, surname) VALUES(239,'Benjamin','Hoff');
INSERT INTO author (id, name, surname) VALUES(240,'Douglas R.','Hofstadter');
INSERT INTO author (id, name, surname) VALUES(241,'Nick','Hornby');
INSERT INTO author (id, name, surname) VALUES(242,'Khaled','Hosseini');
INSERT INTO author (id, name, surname) VALUES(243,'Victor','Hugo');
INSERT INTO author (id, name, surname) VALUES(244,'Zora Neale','Hurston');
INSERT INTO author (id, name, surname) VALUES(245,'Aldous','Huxley');
INSERT INTO author (id, name, surname) VALUES(246,'John','Irving');
INSERT INTO author (id, name, surname) VALUES(247,'Kazuo','Ishiguro');
INSERT INTO author (id, name, surname) VALUES(248,'Brian','Jacques');
INSERT INTO author (id, name, surname) VALUES(249,'E. L.','James');
INSERT INTO author (id, name, surname) VALUES(250,'Henry','James');
INSERT INTO author (id, name, surname) VALUES(251,'Spencer','Johnson');
INSERT INTO author (id, name, surname) VALUES(252,'Diana Wynne','Jones');
INSERT INTO author (id, name, surname) VALUES(253,'Robert','Jordan');
INSERT INTO author (id, name, surname) VALUES(254,'James','Joyce');
INSERT INTO author (id, name, surname) VALUES(255,'Walter M. Miller','Jr.');
INSERT INTO author (id, name, surname) VALUES(256,'Norton','Juster');
INSERT INTO author (id, name, surname) VALUES(257,'Franz','Kafka');
INSERT INTO author (id, name, surname) VALUES(258,'Daniel','Kahneman');
INSERT INTO author (id, name, surname) VALUES(259,'Ezra Jack','Keats');
INSERT INTO author (id, name, surname) VALUES(260,'Thomas à','Kempis');
INSERT INTO author (id, name, surname) VALUES(261,'Jack','Kerouac');
INSERT INTO author (id, name, surname) VALUES(262,'Ken','Kesey');
INSERT INTO author (id, name, surname) VALUES(263,'Daniel','Keyes');
INSERT INTO author (id, name, surname) VALUES(264,'Sue Monk','Kidd');
INSERT INTO author (id, name, surname) VALUES(265,'Stephen','King');
INSERT INTO author (id, name, surname) VALUES(266,'Barbara','Kingsolver');
INSERT INTO author (id, name, surname) VALUES(267,'Jeff','Kinney');
INSERT INTO author (id, name, surname) VALUES(268,'Sophie','Kinsella');
INSERT INTO author (id, name, surname) VALUES(269,'Rudyard','Kipling');
INSERT INTO author (id, name, surname) VALUES(270,'John','Knowles');
INSERT INTO author (id, name, surname) VALUES(271,'E. L.','Konigsburg');
INSERT INTO author (id, name, surname) VALUES(272,'Dean','Koontz');
INSERT INTO author (id, name, surname) VALUES(273,'Elizabeth','Kostova');
INSERT INTO author (id, name, surname) VALUES(274,'Jon','Krakauer');
INSERT INTO author (id, name, surname) VALUES(275,'Nicole','Krauss');
INSERT INTO author (id, name, surname) VALUES(276,'Milan','Kundera');
INSERT INTO author (id, name, surname) VALUES(277,'Jhumpa','Lahiri');
INSERT INTO author (id, name, surname) VALUES(278,'Wally','Lamb');
INSERT INTO author (id, name, surname) VALUES(279,'Erik','Larson');
INSERT INTO author (id, name, surname) VALUES(280,'Stieg','Larsson');
INSERT INTO author (id, name, surname) VALUES(281,'D. H.','Lawrence');
INSERT INTO author (id, name, surname) VALUES(282,'Harper','Lee');
INSERT INTO author (id, name, surname) VALUES(283,'Madeleine','L''Engle');
INSERT INTO author (id, name, surname) VALUES(284,'Gaston','Leroux');
INSERT INTO author (id, name, surname) VALUES(285,'Gail Carson','Levine');
INSERT INTO author (id, name, surname) VALUES(286,'Steven D.','Levitt');
INSERT INTO author (id, name, surname) VALUES(287,'C. S.','Lewis');
INSERT INTO author (id, name, surname) VALUES(288,'Astrid','Lindgren');
INSERT INTO author (id, name, surname) VALUES(289,'Arnold','Lobel');
INSERT INTO author (id, name, surname) VALUES(290,'Jack','London');
INSERT INTO author (id, name, surname) VALUES(291,'Lois','Lowry');
INSERT INTO author (id, name, surname) VALUES(292,'Robert','Ludlum');
INSERT INTO author (id, name, surname) VALUES(293,'Scott','Lynch');
INSERT INTO author (id, name, surname) VALUES(294,'Niccolò','Machiavelli');
INSERT INTO author (id, name, surname) VALUES(295,'Patricia','MacLachlan');
INSERT INTO author (id, name, surname) VALUES(296,'Gregory','Maguire');
INSERT INTO author (id, name, surname) VALUES(297,'Thomas','Mann');
INSERT INTO author (id, name, surname) VALUES(298,'Hilary','Mantel');
INSERT INTO author (id, name, surname) VALUES(299,'Gabriel Garcia','Marquez');
INSERT INTO author (id, name, surname) VALUES(300,'Yann','Martel');
INSERT INTO author (id, name, surname) VALUES(301,'Bill Jr.','Martin');
INSERT INTO author (id, name, surname) VALUES(302,'George R. R.','Martin');
INSERT INTO author (id, name, surname) VALUES(303,'Karl','Marx');
INSERT INTO author (id, name, surname) VALUES(304,'W. Somerset','Maugham');
INSERT INTO author (id, name, surname) VALUES(305,'Daphne Du','Maurier');
INSERT INTO author (id, name, surname) VALUES(306,'Sam','McBratney');
INSERT INTO author (id, name, surname) VALUES(307,'Anne','McCaffrey');
INSERT INTO author (id, name, surname) VALUES(308,'Cormac','McCarthy');
INSERT INTO author (id, name, surname) VALUES(309,'Robert','McCloskey');
INSERT INTO author (id, name, surname) VALUES(310,'Frank','McCourt');
INSERT INTO author (id, name, surname) VALUES(311,'Carson','McCullers');
INSERT INTO author (id, name, surname) VALUES(312,'David','McCullough');
INSERT INTO author (id, name, surname) VALUES(313,'Ian','McEwan');
INSERT INTO author (id, name, surname) VALUES(314,'Emma','McLaughlin');
INSERT INTO author (id, name, surname) VALUES(315,'Herman','Melville');
INSERT INTO author (id, name, surname) VALUES(316,'Marissa','Meyer');
INSERT INTO author (id, name, surname) VALUES(317,'Stephenie','Meyer');
INSERT INTO author (id, name, surname) VALUES(318,'China','Miéville');
INSERT INTO author (id, name, surname) VALUES(319,'Arthur','Miller');
INSERT INTO author (id, name, surname) VALUES(320,'Henry','Miller');
INSERT INTO author (id, name, surname) VALUES(321,'A. A.','Milne');
INSERT INTO author (id, name, surname) VALUES(322,'John','Milton');
INSERT INTO author (id, name, surname) VALUES(323,'Rohinton','Mistry');
INSERT INTO author (id, name, surname) VALUES(324,'David','Mitchell');
INSERT INTO author (id, name, surname) VALUES(325,'Margaret','Mitchell');
INSERT INTO author (id, name, surname) VALUES(326,'L. M.','Montgomery');
INSERT INTO author (id, name, surname) VALUES(327,'Alan','Moore');
INSERT INTO author (id, name, surname) VALUES(328,'Christopher','Moore');
INSERT INTO author (id, name, surname) VALUES(329,'Thomas','More');
INSERT INTO author (id, name, surname) VALUES(330,'Erin','Morgenstern');
INSERT INTO author (id, name, surname) VALUES(331,'Toni','Morrison');
INSERT INTO author (id, name, surname) VALUES(332,'Greg','Mortenson');
INSERT INTO author (id, name, surname) VALUES(333,'Robert','Munsch');
INSERT INTO author (id, name, surname) VALUES(334,'Haruki','Murakami');
INSERT INTO author (id, name, surname) VALUES(335,'Vladimir','Nabokov');
INSERT INTO author (id, name, surname) VALUES(336,'Azar','Nafisi');
INSERT INTO author (id, name, surname) VALUES(337,'Irène','Némirovsky');
INSERT INTO author (id, name, surname) VALUES(338,'Friedrich','Nietzsche');
INSERT INTO author (id, name, surname) VALUES(339,'Audrey','Niffenegger');
INSERT INTO author (id, name, surname) VALUES(340,'Larry','Niven');
INSERT INTO author (id, name, surname) VALUES(341,'Garth','Nix');
INSERT INTO author (id, name, surname) VALUES(342,'Naomi','Novik');
INSERT INTO author (id, name, surname) VALUES(343,'Laura Joffe','Numeroff');
INSERT INTO author (id, name, surname) VALUES(344,'Barack','Obama');
INSERT INTO author (id, name, surname) VALUES(345,'Patrick','O''Brian');
INSERT INTO author (id, name, surname) VALUES(346,'Robert C.','O''Brien');
INSERT INTO author (id, name, surname) VALUES(347,'Tim','O''Brien');
INSERT INTO author (id, name, surname) VALUES(348,'Scott','O''Dell');
INSERT INTO author (id, name, surname) VALUES(349,'Michael','Ondaatje');
INSERT INTO author (id, name, surname) VALUES(350,'Baroness','Orczy');
INSERT INTO author (id, name, surname) VALUES(351,'George','Orwell');
INSERT INTO author (id, name, surname) VALUES(352,'R. J.','Palacio');
INSERT INTO author (id, name, surname) VALUES(353,'Chuck','Palahniuk');
INSERT INTO author (id, name, surname) VALUES(354,'Christopher','Paolini');
INSERT INTO author (id, name, surname) VALUES(355,'Boris','Pasternak');
INSERT INTO author (id, name, surname) VALUES(356,'Ann','Patchett');
INSERT INTO author (id, name, surname) VALUES(357,'Katherine','Paterson');
INSERT INTO author (id, name, surname) VALUES(358,'Alan','Paton');
INSERT INTO author (id, name, surname) VALUES(359,'James','Patterson');
INSERT INTO author (id, name, surname) VALUES(360,'Gary','Paulsen');
INSERT INTO author (id, name, surname) VALUES(361,'Randy','Pausch');
INSERT INTO author (id, name, surname) VALUES(362,'Matthew','Pearl');
INSERT INTO author (id, name, surname) VALUES(363,'Dave','Pelzer');
INSERT INTO author (id, name, surname) VALUES(364,'Alexandre','umas');
INSERT INTO author (id, name, surname) VALUES(365,'Jodi','Picoult');
INSERT INTO author (id, name, surname) VALUES(366,'Watty','Piper');
INSERT INTO author (id, name, surname) VALUES(367,'Robert M.','Pirsig');
INSERT INTO author (id, name, surname) VALUES(368,'Sylvia','Plath');
INSERT INTO author (id, name, surname) VALUES(369,'Edgar Allan','Poe');
INSERT INTO author (id, name, surname) VALUES(371,'Michael','Pollan');
INSERT INTO author (id, name, surname) VALUES(372,'Beatrix','Potter');
INSERT INTO author (id, name, surname) VALUES(373,'Terry','Pratchett');
INSERT INTO author (id, name, surname) VALUES(374,'E. Annie','Proulx');
INSERT INTO author (id, name, surname) VALUES(375,'Marcel','Proust');
INSERT INTO author (id, name, surname) VALUES(376,'Philip','Pullman');
INSERT INTO author (id, name, surname) VALUES(377,'Mario','Puzo');
INSERT INTO author (id, name, surname) VALUES(378,'Thomas','Pynchon');
INSERT INTO author (id, name, surname) VALUES(379,'Ayn','Rand');
INSERT INTO author (id, name, surname) VALUES(380,'Ellen','Raskin');
INSERT INTO author (id, name, surname) VALUES(381,'Wilson','Rawls');
INSERT INTO author (id, name, surname) VALUES(382,'Erich Maria','Remarque');
INSERT INTO author (id, name, surname) VALUES(383,'Jean','Rhys');
INSERT INTO author (id, name, surname) VALUES(384,'Anne','Rice');
INSERT INTO author (id, name, surname) VALUES(385,'Ransom','Riggs');
INSERT INTO author (id, name, surname) VALUES(386,'Rick','Riordan');
INSERT INTO author (id, name, surname) VALUES(387,'Mary','Roach');
INSERT INTO author (id, name, surname) VALUES(388,'Kim Stanley','Robinson');
INSERT INTO author (id, name, surname) VALUES(389,'Marilynne','Robinson');
INSERT INTO author (id, name, surname) VALUES(390,'Tatiana de','Rosnay');
INSERT INTO author (id, name, surname) VALUES(391,'Philip','Roth');
INSERT INTO author (id, name, surname) VALUES(392,'Veronica','Roth');
INSERT INTO author (id, name, surname) VALUES(393,'Patrick','Rothfuss');
INSERT INTO author (id, name, surname) VALUES(394,'J. K.','Rowling');
INSERT INTO author (id, name, surname) VALUES(395,'Arundhati','Roy');
INSERT INTO author (id, name, surname) VALUES(396,'Salman','Rushdie');
INSERT INTO author (id, name, surname) VALUES(397,'Richard','Russo');
INSERT INTO author (id, name, surname) VALUES(398,'Pam Muñoz','Ryan');
INSERT INTO author (id, name, surname) VALUES(399,'Miguel de Cervantes','Saavedra');
INSERT INTO author (id, name, surname) VALUES(400,'Louis','Sachar');
INSERT INTO author (id, name, surname) VALUES(401,'Oliver','Sacks');
INSERT INTO author (id, name, surname) VALUES(402,'Carl','Sagan');
INSERT INTO author (id, name, surname) VALUES(403,'Antoine de','Saint-Exupéry');
INSERT INTO author (id, name, surname) VALUES(404,'J. D.','Salinger');
INSERT INTO author (id, name, surname) VALUES(405,'Brandon','Sanderson');
INSERT INTO author (id, name, surname) VALUES(406,'José','Saramago');
INSERT INTO author (id, name, surname) VALUES(407,'Jean-Paul','Sartre');
INSERT INTO author (id, name, surname) VALUES(408,'Marjane','Satrapi');
INSERT INTO author (id, name, surname) VALUES(409,'Bernhard','Schlink');
INSERT INTO author (id, name, surname) VALUES(410,'Eric','Schlosser');
INSERT INTO author (id, name, surname) VALUES(411,'Jon','Scieszka');
INSERT INTO author (id, name, surname) VALUES(412,'Sir Walter','Scott');
INSERT INTO author (id, name, surname) VALUES(413,'Alice','Sebold');
INSERT INTO author (id, name, surname) VALUES(414,'David','Sedaris');
INSERT INTO author (id, name, surname) VALUES(415,'Lisa','See');
INSERT INTO author (id, name, surname) VALUES(416,'Brian','Selznick');
INSERT INTO author (id, name, surname) VALUES(417,'Maurice','Sendak');
INSERT INTO author (id, name, surname) VALUES(418,'Diane','Setterfield');
INSERT INTO author (id, name, surname) VALUES(419,'Dr.','Seuss');
INSERT INTO author (id, name, surname) VALUES(420,'Anna','Sewell');
INSERT INTO author (id, name, surname) VALUES(421,'Michael','Shaara');
INSERT INTO author (id, name, surname) VALUES(422,'Mary Ann','Shaffer');
INSERT INTO author (id, name, surname) VALUES(423,'William','Shakespeare');
INSERT INTO author (id, name, surname) VALUES(424,'Mary','Shelley');
INSERT INTO author (id, name, surname) VALUES(425,'Anita','Shreve');
INSERT INTO author (id, name, surname) VALUES(426,'Lionel','Shriver');
INSERT INTO author (id, name, surname) VALUES(427,'Shel','Silverstein');
INSERT INTO author (id, name, surname) VALUES(428,'Dan','Simmons');
INSERT INTO author (id, name, surname) VALUES(429,'Upton','Sinclair');
INSERT INTO author (id, name, surname) VALUES(430,'Rebecca','Skloot');
INSERT INTO author (id, name, surname) VALUES(431,'Alexander McCall','Smith');
INSERT INTO author (id, name, surname) VALUES(432,'Betty','Smith');
INSERT INTO author (id, name, surname) VALUES(433,'Dodie','Smith');
INSERT INTO author (id, name, surname) VALUES(434,'Zadie','Smith');
INSERT INTO author (id, name, surname) VALUES(435,'Lemony','Snicket');
INSERT INTO author (id, name, surname) VALUES(436,'Dava','Sobel');
INSERT INTO author (id, name, surname) VALUES(437,'Alexander','Solzhenitsyn');
INSERT INTO author (id, name, surname) VALUES(438,'Beatrice','Sparks');
INSERT INTO author (id, name, surname) VALUES(439,'Nicholas','Sparks');
INSERT INTO author (id, name, surname) VALUES(440,'Elizabeth George','Speare');
INSERT INTO author (id, name, surname) VALUES(441,'Art','Spiegelman');
INSERT INTO author (id, name, surname) VALUES(442,'Jerry','Spinelli');
INSERT INTO author (id, name, surname) VALUES(443,'Johanna','Spyri');
INSERT INTO author (id, name, surname) VALUES(444,'Garth','Stein');
INSERT INTO author (id, name, surname) VALUES(445,'John','Steinbeck');
INSERT INTO author (id, name, surname) VALUES(446,'Neal','Stephenson');
INSERT INTO author (id, name, surname) VALUES(447,'Robert Louis','Stevenson');
INSERT INTO author (id, name, surname) VALUES(448,'Jon','Stewart');
INSERT INTO author (id, name, surname) VALUES(449,'Maggie','Stiefvater');
INSERT INTO author (id, name, surname) VALUES(450,'Kathryn','Stockett');
INSERT INTO author (id, name, surname) VALUES(451,'Bram','Stoker');
INSERT INTO author (id, name, surname) VALUES(452,'Tom','Stoppard');
INSERT INTO author (id, name, surname) VALUES(453,'Harriet Beecher','Stowe');
INSERT INTO author (id, name, surname) VALUES(454,'Lee','Strobel');
INSERT INTO author (id, name, surname) VALUES(455,'Jonathan','Stroud');
INSERT INTO author (id, name, surname) VALUES(456,'Elizabeth','Strout');
INSERT INTO author (id, name, surname) VALUES(457,'William Jr.','Strunk');
INSERT INTO author (id, name, surname) VALUES(458,'Patrick','Süskind');
INSERT INTO author (id, name, surname) VALUES(459,'Jonathan','Swift');
INSERT INTO author (id, name, surname) VALUES(460,'Nassim Nicholas','Taleb');
INSERT INTO author (id, name, surname) VALUES(461,'Amy','Tan');
INSERT INTO author (id, name, surname) VALUES(462,'Donna','Tartt');
INSERT INTO author (id, name, surname) VALUES(463,'Mildred D.','Taylor');
INSERT INTO author (id, name, surname) VALUES(464,'William Makepeace','Thackeray');
INSERT INTO author (id, name, surname) VALUES(465,'Hunter S.','Thompson');
INSERT INTO author (id, name, surname) VALUES(466,'Henry David','Thoreau');
INSERT INTO author (id, name, surname) VALUES(467,'J. R. R.','Tolkien');
INSERT INTO author (id, name, surname) VALUES(468,'Leo','Tolstoy');
INSERT INTO author (id, name, surname) VALUES(469,'John Kennedy','Toole');
INSERT INTO author (id, name, surname) VALUES(470,'Lynne','Truss');
INSERT INTO author (id, name, surname) VALUES(471,'Kate L.','Turabian');
INSERT INTO author (id, name, surname) VALUES(472,'Ivan','Turgenev');
INSERT INTO author (id, name, surname) VALUES(473,'Mark','Twain');
INSERT INTO author (id, name, surname) VALUES(474,'Lao','Tzu');
INSERT INTO author (id, name, surname) VALUES(475,'Abraham','Verghese');
INSERT INTO author (id, name, surname) VALUES(476,'Jules','Verne');
INSERT INTO author (id, name, surname) VALUES(477,'Judith','Viorst');
INSERT INTO author (id, name, surname) VALUES(478,'Kurt','Vonnegut');
INSERT INTO author (id, name, surname) VALUES(479,'Alice','Walker');
INSERT INTO author (id, name, surname) VALUES(480,'David Foster','Wallace');
INSERT INTO author (id, name, surname) VALUES(481,'Jeannette','Walls');
INSERT INTO author (id, name, surname) VALUES(482,'Rick','Warren');
INSERT INTO author (id, name, surname) VALUES(483,'Sarah','Waters');
INSERT INTO author (id, name, surname) VALUES(484,'Evelyn','Waugh');
INSERT INTO author (id, name, surname) VALUES(485,'Andy','Weir');
INSERT INTO author (id, name, surname) VALUES(486,'Lauren','Weisberger');
INSERT INTO author (id, name, surname) VALUES(487,'H. G.','Wells');
INSERT INTO author (id, name, surname) VALUES(488,'Rebecca','Wells');
INSERT INTO author (id, name, surname) VALUES(489,'Irvine','Welsh');
INSERT INTO author (id, name, surname) VALUES(490,'Scott','Westerfeld');
INSERT INTO author (id, name, surname) VALUES(491,'Edith','Wharton');
INSERT INTO author (id, name, surname) VALUES(492,'Kennilworthy','Whisp');
INSERT INTO author (id, name, surname) VALUES(493,'E. B.','White');
INSERT INTO author (id, name, surname) VALUES(494,'T. H.','White');
INSERT INTO author (id, name, surname) VALUES(495,'Walt','Whitman');
INSERT INTO author (id, name, surname) VALUES(496,'Elie','Wiesel');
INSERT INTO author (id, name, surname) VALUES(497,'Oscar','Wilde');
INSERT INTO author (id, name, surname) VALUES(498,'Laura Ingalls','Wilder');
INSERT INTO author (id, name, surname) VALUES(499,'Margery','Williams');
INSERT INTO author (id, name, surname) VALUES(500,'Connie','Willis');
INSERT INTO author (id, name, surname) VALUES(501,'Simon','Winchester');
INSERT INTO author (id, name, surname) VALUES(502,'Tom','Wolfe');
INSERT INTO author (id, name, surname) VALUES(503,'Virginia','Woolf');
INSERT INTO author (id, name, surname) VALUES(504,'David','Wroblewski');
INSERT INTO author (id, name, surname) VALUES(505,'Malcolm','X');
INSERT INTO author (id, name, surname) VALUES(506,'William P.','Young');
INSERT INTO author (id, name, surname) VALUES(507,'Carlos Ruiz','Zafón');
INSERT INTO author (id, name, surname) VALUES(508,'Howard','Zinn');
INSERT INTO author (id, name, surname) VALUES(509,'Markus','Zusak');
INSERT INTO author (id, name, surname) VALUES(510,'Nicholson','Baker');
INSERT INTO author (id, name, surname) VALUES(511,'Kitty', 'Pryde');

CREATE TABLE `publisher` (
  `id` INT NOT NULL AUTO_INCREMENT PRIMARY KEY
,  `name` varchar(40) NOT NULL
);
INSERT INTO publisher (id, name) VALUES(1,'Hilll-Keebler');
INSERT INTO publisher (id, name) VALUES(2,'Konopelski Group');
INSERT INTO publisher (id, name) VALUES(3,'Jacobs-Heller');
INSERT INTO publisher (id, name) VALUES(4,'Gislason-Huel');
INSERT INTO publisher (id, name) VALUES(5,'Conn, Dare and Erdman');
INSERT INTO publisher (id, name) VALUES(6,'O''Connell-Schmeler');
INSERT INTO publisher (id, name) VALUES(7,'Ratke, Brakus and Erdman');
INSERT INTO publisher (id, name) VALUES(8,'Littel LLC');
INSERT INTO publisher (id, name) VALUES(9,'Langworth-Fadel');
INSERT INTO publisher (id, name) VALUES(10,'Hamill, Gusikowski and Carroll');
INSERT INTO publisher (id, name) VALUES(11,'Bayer-Trantow');
INSERT INTO publisher (id, name) VALUES(12,'Koss-DuBuque');
INSERT INTO publisher (id, name) VALUES(13,'Lynch Inc');
INSERT INTO publisher (id, name) VALUES(14,'Feeney-Jacobs');
INSERT INTO publisher (id, name) VALUES(15,'Williamson-Smitham');
INSERT INTO publisher (id, name) VALUES(16,'Kris LLC');
INSERT INTO publisher (id, name) VALUES(17,'Jenkins LLC');
INSERT INTO publisher (id, name) VALUES(18,'Schuppe, Stanton and Beer');
INSERT INTO publisher (id, name) VALUES(19,'Reichert-McClure');
INSERT INTO publisher (id, name) VALUES(20,'Schoen Group');
INSERT INTO publisher (id, name) VALUES(21,'Skiles, Moore and Medhurst');
INSERT INTO publisher (id, name) VALUES(22,'Crist-Stiedemann');
INSERT INTO publisher (id, name) VALUES(23,'Schmitt LLC');
INSERT INTO publisher (id, name) VALUES(24,'Ruecker and Sons');
INSERT INTO publisher (id, name) VALUES(25,'Lakin-Gerlach');
INSERT INTO publisher (id, name) VALUES(26,'Hand-Bahringer');
INSERT INTO publisher (id, name) VALUES(27,'Kuhn-Reinger');
INSERT INTO publisher (id, name) VALUES(28,'Shanahan and Sons');
INSERT INTO publisher (id, name) VALUES(29,'Robel Group');
INSERT INTO publisher (id, name) VALUES(30,'Parker-Gerhold');
INSERT INTO publisher (id, name) VALUES(31,'Macejkovic-Bogan');
INSERT INTO publisher (id, name) VALUES(32,'Frami, Feeney and Hermiston');
INSERT INTO publisher (id, name) VALUES(33,'Welch-Lakin');
INSERT INTO publisher (id, name) VALUES(34,'Senger Group');
INSERT INTO publisher (id, name) VALUES(35,'Goldner-Toy');
INSERT INTO publisher (id, name) VALUES(36,'Oberbrunner LLC');
INSERT INTO publisher (id, name) VALUES(37,'Muller-Berge');
INSERT INTO publisher (id, name) VALUES(38,'Doyle-Steuber');
INSERT INTO publisher (id, name) VALUES(39,'Kerluke-Bergstrom');
INSERT INTO publisher (id, name) VALUES(40,'Lubowitz, Collier and Kohler');
INSERT INTO publisher (id, name) VALUES(41,'Ritchie Group');
INSERT INTO publisher (id, name) VALUES(42,'Rippin-Pfeffer');
INSERT INTO publisher (id, name) VALUES(43,'Robel-Brekke');
INSERT INTO publisher (id, name) VALUES(44,'Johnston Group');
INSERT INTO publisher (id, name) VALUES(45,'Ondricka-McCullough');
INSERT INTO publisher (id, name) VALUES(46,'Stamm-Lakin');
INSERT INTO publisher (id, name) VALUES(47,'Johnson, Miller and Hettinger');
INSERT INTO publisher (id, name) VALUES(48,'Heller, Sawayn and Kutch');
INSERT INTO publisher (id, name) VALUES(49,'Sipes Inc');
INSERT INTO publisher (id, name) VALUES(50,'Rippin Inc');
INSERT INTO publisher (id, name) VALUES(51,'Goyette-Cassin');
INSERT INTO publisher (id, name) VALUES(52,'Kris, VonRueden and Towne');
INSERT INTO publisher (id, name) VALUES(53,'Kris, Mann and Heidenreich');
INSERT INTO publisher (id, name) VALUES(54,'Gleason, Auer and Welch');
INSERT INTO publisher (id, name) VALUES(55,'Green and Sons');
INSERT INTO publisher (id, name) VALUES(56,'Farrell Group');
INSERT INTO publisher (id, name) VALUES(57,'Dietrich, Kiehn and Bradtke');
INSERT INTO publisher (id, name) VALUES(58,'Williamson, Nikolaus and Cronin');
INSERT INTO publisher (id, name) VALUES(59,'Cruickshank-Weber');
INSERT INTO publisher (id, name) VALUES(60,'Fisher LLC');
INSERT INTO publisher (id, name) VALUES(61,'King Group');
INSERT INTO publisher (id, name) VALUES(62,'Tromp, Johnson and Barrows');
INSERT INTO publisher (id, name) VALUES(63,'Wintheiser, Reinger and Robel');
INSERT INTO publisher (id, name) VALUES(64,'Friesen-Osinski');
INSERT INTO publisher (id, name) VALUES(65,'Labadie and Sons');
INSERT INTO publisher (id, name) VALUES(66,'Langosh and Sons');
INSERT INTO publisher (id, name) VALUES(67,'Hirthe-Windler');
INSERT INTO publisher (id, name) VALUES(68,'Orn LLC');
INSERT INTO publisher (id, name) VALUES(69,'Leffler, King and Waelchi');
INSERT INTO publisher (id, name) VALUES(70,'Murray, Rath and Kreiger');
INSERT INTO publisher (id, name) VALUES(71,'Hermiston LLC');
INSERT INTO publisher (id, name) VALUES(72,'Lueilwitz and Sons');
INSERT INTO publisher (id, name) VALUES(73,'Trantow Inc');
INSERT INTO publisher (id, name) VALUES(74,'Sanford LLC');
INSERT INTO publisher (id, name) VALUES(75,'Hane, Bartoletti and Casper');
INSERT INTO publisher (id, name) VALUES(76,'Klein, Beier and Quitzon');
INSERT INTO publisher (id, name) VALUES(77,'Schuster, Rohan and Spinka');
INSERT INTO publisher (id, name) VALUES(78,'Morar-Champlin');
INSERT INTO publisher (id, name) VALUES(79,'Donnelly, Emmerich and Grimes');
INSERT INTO publisher (id, name) VALUES(80,'Gislason-Parker');
INSERT INTO publisher (id, name) VALUES(81,'Goodwin Inc');
INSERT INTO publisher (id, name) VALUES(82,'Runolfsson and Sons');
INSERT INTO publisher (id, name) VALUES(83,'Streich, Reinger and Toy');
INSERT INTO publisher (id, name) VALUES(84,'Gibson, Williamson and Lubowitz');
INSERT INTO publisher (id, name) VALUES(85,'Klocko and Sons');
INSERT INTO publisher (id, name) VALUES(86,'McCullough, Keeling and Kozey');
INSERT INTO publisher (id, name) VALUES(87,'Treutel, Schuster and Brekke');
INSERT INTO publisher (id, name) VALUES(88,'Stoltenberg and Sons');
INSERT INTO publisher (id, name) VALUES(89,'Walter, Hahn and McGlynn');
INSERT INTO publisher (id, name) VALUES(90,'Effertz, Yost and Rogahn');
INSERT INTO publisher (id, name) VALUES(91,'Schaden Group');
INSERT INTO publisher (id, name) VALUES(92,'Beer, Medhurst and Murray');
INSERT INTO publisher (id, name) VALUES(93,'Towne, Block and Ruecker');
INSERT INTO publisher (id, name) VALUES(94,'Parker Inc');
INSERT INTO publisher (id, name) VALUES(95,'Labadie-Zboncak');
INSERT INTO publisher (id, name) VALUES(96,'Wolf LLC');
INSERT INTO publisher (id, name) VALUES(97,'Kassulke-Bins');
INSERT INTO publisher (id, name) VALUES(98,'Adams Group');
INSERT INTO publisher (id, name) VALUES(99,'Mills-Gutkowski');
INSERT INTO publisher (id, name) VALUES(100,'Nader-Goldner');
INSERT INTO publisher (id, name) VALUES(101,'Williamson and Sons');
INSERT INTO publisher (id, name) VALUES(102,'Prosacco Inc');
INSERT INTO publisher (id, name) VALUES(103,'Frami, Anderson and Corkery');
INSERT INTO publisher (id, name) VALUES(104,'Medhurst LLC');
INSERT INTO publisher (id, name) VALUES(105,'Welch-Medhurst');
INSERT INTO publisher (id, name) VALUES(106,'Bruen-Windler');
INSERT INTO publisher (id, name) VALUES(107,'Torphy and Sons');
INSERT INTO publisher (id, name) VALUES(108,'Goldner-Reilly');
INSERT INTO publisher (id, name) VALUES(109,'Borer-Predovic');
INSERT INTO publisher (id, name) VALUES(110,'Hirthe, Kihn and Lindgren');
INSERT INTO publisher (id, name) VALUES(111,'King-Witting');
INSERT INTO publisher (id, name) VALUES(112,'Blanda Inc');
INSERT INTO publisher (id, name) VALUES(113,'Davis, Cummings and Haag');
INSERT INTO publisher (id, name) VALUES(114,'Armstrong and Sons');
INSERT INTO publisher (id, name) VALUES(115,'Klocko, Kutch and Ernser');
INSERT INTO publisher (id, name) VALUES(116,'Hauck-Cartwright');
INSERT INTO publisher (id, name) VALUES(117,'Wolf-Rowe');
INSERT INTO publisher (id, name) VALUES(118,'Sporer-Rowe');
INSERT INTO publisher (id, name) VALUES(119,'Price, Sporer and Lakin');
INSERT INTO publisher (id, name) VALUES(120,'Quitzon-Shanahan');
INSERT INTO publisher (id, name) VALUES(121,'Fisher-Goldner');
INSERT INTO publisher (id, name) VALUES(122,'Homenick and Sons');
INSERT INTO publisher (id, name) VALUES(123,'Jenkins, Bergnaum and Kuhn');
INSERT INTO publisher (id, name) VALUES(124,'Price-Gleason');
INSERT INTO publisher (id, name) VALUES(125,'Parisian, Bogisich and Beatty');
INSERT INTO publisher (id, name) VALUES(126,'Hammes, Littel and Kirlin');
INSERT INTO publisher (id, name) VALUES(127,'Wyman-Runolfsson');
INSERT INTO publisher (id, name) VALUES(128,'Carroll, Rice and Kohler');
INSERT INTO publisher (id, name) VALUES(129,'Mertz-Zieme');
INSERT INTO publisher (id, name) VALUES(130,'Marquardt, Block and Dickinson');
INSERT INTO publisher (id, name) VALUES(131,'Keebler Inc');
INSERT INTO publisher (id, name) VALUES(132,'Huels, Spinka and Klocko');
INSERT INTO publisher (id, name) VALUES(133,'Ortiz-Walker');
INSERT INTO publisher (id, name) VALUES(134,'Purdy, Schaden and Connelly');
INSERT INTO publisher (id, name) VALUES(135,'Armstrong Inc');
INSERT INTO publisher (id, name) VALUES(136,'Schamberger LLC');
INSERT INTO publisher (id, name) VALUES(137,'Legros, Heathcote and Dooley');
INSERT INTO publisher (id, name) VALUES(138,'Metz-Kohler');
INSERT INTO publisher (id, name) VALUES(139,'Treutel Inc');
INSERT INTO publisher (id, name) VALUES(140,'McGlynn, Armstrong and Wilkinson');
INSERT INTO publisher (id, name) VALUES(141,'Haley-Koelpin');
INSERT INTO publisher (id, name) VALUES(142,'Schaden-Emmerich');
INSERT INTO publisher (id, name) VALUES(143,'Russel-Howell');
INSERT INTO publisher (id, name) VALUES(144,'Balistreri and Sons');
INSERT INTO publisher (id, name) VALUES(145,'Hilll-Dach');
INSERT INTO publisher (id, name) VALUES(146,'Schmeler and Sons');
INSERT INTO publisher (id, name) VALUES(147,'Rippin, Heathcote and Bahringer');
INSERT INTO publisher (id, name) VALUES(148,'Schumm-Connelly');
INSERT INTO publisher (id, name) VALUES(149,'Mertz Inc');
INSERT INTO publisher (id, name) VALUES(150,'McLaughlin-Breitenberg');
INSERT INTO publisher (id, name) VALUES(151,'Block, Stracke and Breitenberg');
INSERT INTO publisher (id, name) VALUES(152,'Lemke, Aufderhar and Pfannerstill');
INSERT INTO publisher (id, name) VALUES(153,'Wuckert and Sons');
INSERT INTO publisher (id, name) VALUES(154,'Monahan, Hammes and Bergnaum');
INSERT INTO publisher (id, name) VALUES(155,'Gaylord and Sons');
INSERT INTO publisher (id, name) VALUES(156,'McClure, Johnston and Rohan');
INSERT INTO publisher (id, name) VALUES(157,'Macejkovic, Gleichner and Hermiston');
INSERT INTO publisher (id, name) VALUES(158,'Cátedra');
INSERT INTO publisher (id, name) VALUES(159,'Darringon Press');

CREATE TABLE `book` (
  `id` INT NOT NULL AUTO_INCREMENT PRIMARY KEY,
	`title` varchar(255) NOT NULL,
	`author_id` INT NOT NULL,
	`publishing_year` INT DEFAULT NULL,	
	`publisher_id` INT NOT NULL,
	CONSTRAINT fk_book_author FOREIGN KEY (author_id) REFERENCES author(id),
	CONSTRAINT fk_book_publisher FOREIGN KEY (publisher_id) REFERENCES publisher(id)
);
INSERT INTO book (id, title, author_id, publishing_year, publisher_id) VALUES(1000,'Harry Potter and the Sorcerer''s Stone (Book 1)',394,1976,74);
INSERT INTO book (id, title, author_id, publishing_year, publisher_id) VALUES(1001,'Harry Potter and the Chamber of Secrets',394,1994,48);
INSERT INTO book (id, title, author_id, publishing_year, publisher_id) VALUES(1002,'Harry Potter and the Prisoner of Azkaban',394,2003,11);
INSERT INTO book (id, title, author_id, publishing_year, publisher_id) VALUES(1003,'Harry Potter and the Half-Blood Prince',394,1992,94);
INSERT INTO book (id, title, author_id, publishing_year, publisher_id) VALUES(1004,'Harry Potter and the Order of the Phoenix',394,1941,45);
INSERT INTO book (id, title, author_id, publishing_year, publisher_id) VALUES(1005,'Harry Potter and the Goblet of Fire',394,1943,95);
INSERT INTO book (id, title, author_id, publishing_year, publisher_id) VALUES(1006,'Harry Potter and the Deathly Hallows',394,1934,152);
INSERT INTO book (id, title, author_id, publishing_year, publisher_id) VALUES(1007,'The Hobbit',467,1954,148);
INSERT INTO book (id, title, author_id, publishing_year, publisher_id) VALUES(1008,'1984',351,1968,69);
INSERT INTO book (id, title, author_id, publishing_year, publisher_id) VALUES(1009,'Pride and Prejudice',35,1987,46);
INSERT INTO book (id, title, author_id, publishing_year, publisher_id) VALUES(1010,'To Kill a Mockingbird',282,1993,17);
INSERT INTO book (id, title, author_id, publishing_year, publisher_id) VALUES(1011,'The Da Vinci Code',64,1945,137);
INSERT INTO book (id, title, author_id, publishing_year, publisher_id) VALUES(1012,'The Catcher in the Rye',404,2001,32);
INSERT INTO book (id, title, author_id, publishing_year, publisher_id) VALUES(1013,'The Great Gatsby',169,1994,26);
INSERT INTO book (id, title, author_id, publishing_year, publisher_id) VALUES(1014,'Twilight',317,1955,11);
INSERT INTO book (id, title, author_id, publishing_year, publisher_id) VALUES(1015,'The Hunger Games',114,1939,99);
INSERT INTO book (id, title, author_id, publishing_year, publisher_id) VALUES(1016,'Jane Eyre',59,1989,106);
INSERT INTO book (id, title, author_id, publishing_year, publisher_id) VALUES(1017,'Animal Farm',351,1941,115);
INSERT INTO book (id, title, author_id, publishing_year, publisher_id) VALUES(1018,'The Kite Runner',242,1991,74);
INSERT INTO book (id, title, author_id, publishing_year, publisher_id) VALUES(1019,'Brave New World',245,1996,8);
INSERT INTO book (id, title, author_id, publishing_year, publisher_id) VALUES(1020,'The Lord of the Rings',467,1931,32);
INSERT INTO book (id, title, author_id, publishing_year, publisher_id) VALUES(1021,'The Fellowship of the Ring',467,1930,59);
INSERT INTO book (id, title, author_id, publishing_year, publisher_id) VALUES(1022,'Fahrenheit 451',54,1955,68);
INSERT INTO book (id, title, author_id, publishing_year, publisher_id) VALUES(1023,'New Moon',317,1947,67);
INSERT INTO book (id, title, author_id, publishing_year, publisher_id) VALUES(1024,'Angels & Demons',64,1977,1);
INSERT INTO book (id, title, author_id, publishing_year, publisher_id) VALUES(1025,'Wuthering Heights',60,1947,37);
INSERT INTO book (id, title, author_id, publishing_year, publisher_id) VALUES(1026,'The Odyssey',6,2003,9);
INSERT INTO book (id, title, author_id, publishing_year, publisher_id) VALUES(1027,'Lord of the Flies',197,1936,34);
INSERT INTO book (id, title, author_id, publishing_year, publisher_id) VALUES(1028,'The Curious Incident of the Dog in the Night-Time',214,1978,76);
INSERT INTO book (id, title, author_id, publishing_year, publisher_id) VALUES(1029,'Life of Pi',300,1987,46);
INSERT INTO book (id, title, author_id, publishing_year, publisher_id) VALUES(1030,'The Two Towers',467,1976,42);
INSERT INTO book (id, title, author_id, publishing_year, publisher_id) VALUES(1031,'One Hundred Years of Solitude',299,2002,68);
INSERT INTO book (id, title, author_id, publishing_year, publisher_id) VALUES(1032,'Catching Fire',114,1969,124);
INSERT INTO book (id, title, author_id, publishing_year, publisher_id) VALUES(1033,'Slaughterhouse-Five',478,2007,5);
INSERT INTO book (id, title, author_id, publishing_year, publisher_id) VALUES(1034,'Eclipse',317,1954,10);
INSERT INTO book (id, title, author_id, publishing_year, publisher_id) VALUES(1035,'The Time Traveler''s Wife',339,1947,30);
INSERT INTO book (id, title, author_id, publishing_year, publisher_id) VALUES(1036,'The Girl with the Dragon Tattoo',280,1957,69);
INSERT INTO book (id, title, author_id, publishing_year, publisher_id) VALUES(1037,'The Return of The King',467,1971,157);
INSERT INTO book (id, title, author_id, publishing_year, publisher_id) VALUES(1038,'Crime and Punishment',144,1973,4);
INSERT INTO book (id, title, author_id, publishing_year, publisher_id) VALUES(1039,'Ender''s Game',83,1988,27);
INSERT INTO book (id, title, author_id, publishing_year, publisher_id) VALUES(1040,'The Book Thief',509,2004,24);
INSERT INTO book (id, title, author_id, publishing_year, publisher_id) VALUES(1041,'Breaking Dawn',317,1994,20);
INSERT INTO book (id, title, author_id, publishing_year, publisher_id) VALUES(1042,'Catch-22',229,2003,9);
INSERT INTO book (id, title, author_id, publishing_year, publisher_id) VALUES(1043,'The Adventures of Huckleberry Finn',473,1938,126);
INSERT INTO book (id, title, author_id, publishing_year, publisher_id) VALUES(1044,'The Lion, the Witch and the Wardrobe',287,1985,11);
INSERT INTO book (id, title, author_id, publishing_year, publisher_id) VALUES(1045,'Mockingjay',114,1971,142);
INSERT INTO book (id, title, author_id, publishing_year, publisher_id) VALUES(1046,'The Little Prince',403,2002,48);
INSERT INTO book (id, title, author_id, publishing_year, publisher_id) VALUES(1047,'A Game of Thrones',302,1987,156);
INSERT INTO book (id, title, author_id, publishing_year, publisher_id) VALUES(1048,'Memoirs of a Geisha',196,1973,99);
INSERT INTO book (id, title, author_id, publishing_year, publisher_id) VALUES(1049,'The Lovely Bones',413,1954,94);
INSERT INTO book (id, title, author_id, publishing_year, publisher_id) VALUES(1050,'The Handmaid''s Tale',32,1934,56);
INSERT INTO book (id, title, author_id, publishing_year, publisher_id) VALUES(1051,'The Hitchhiker''s Guide to the Galaxy',16,1996,84);
INSERT INTO book (id, title, author_id, publishing_year, publisher_id) VALUES(1052,'Frankenstein',424,1965,105);
INSERT INTO book (id, title, author_id, publishing_year, publisher_id) VALUES(1053,'Of Mice and Men',445,1963,84);
INSERT INTO book (id, title, author_id, publishing_year, publisher_id) VALUES(1054,'Anna Karenina',468,1979,148);
INSERT INTO book (id, title, author_id, publishing_year, publisher_id) VALUES(1055,'The Giver',291,2008,109);
INSERT INTO book (id, title, author_id, publishing_year, publisher_id) VALUES(1056,'The Alchemist',110,1965,75);
INSERT INTO book (id, title, author_id, publishing_year, publisher_id) VALUES(1057,'The Iliad',6,1939,6);
INSERT INTO book (id, title, author_id, publishing_year, publisher_id) VALUES(1058,'Sense and Sensibility',35,1932,39);
INSERT INTO book (id, title, author_id, publishing_year, publisher_id) VALUES(1059,'Great Expectations',140,1942,121);
INSERT INTO book (id, title, author_id, publishing_year, publisher_id) VALUES(1060,'Emma',35,1982,155);
INSERT INTO book (id, title, author_id, publishing_year, publisher_id) VALUES(1061,'The Picture of Dorian Gray',497,1940,128);
INSERT INTO book (id, title, author_id, publishing_year, publisher_id) VALUES(1062,'Dune',231,1950,100);
INSERT INTO book (id, title, author_id, publishing_year, publisher_id) VALUES(1063,'A Wrinkle in Time',283,2010,21);
INSERT INTO book (id, title, author_id, publishing_year, publisher_id) VALUES(1064,'The Golden Compass',376,1945,47);
INSERT INTO book (id, title, author_id, publishing_year, publisher_id) VALUES(1065,'American Gods',188,2006,82);
INSERT INTO book (id, title, author_id, publishing_year, publisher_id) VALUES(1066,'The Stranger',81,1989,84);
INSERT INTO book (id, title, author_id, publishing_year, publisher_id) VALUES(1067,'The Road',308,1932,135);
INSERT INTO book (id, title, author_id, publishing_year, publisher_id) VALUES(1068,'A Tale of Two Cities',140,1978,72);
INSERT INTO book (id, title, author_id, publishing_year, publisher_id) VALUES(1069,'The Scarlet Letter',227,1961,59);
INSERT INTO book (id, title, author_id, publishing_year, publisher_id) VALUES(1070,'The Chronicles of Narnia',287,1932,151);
INSERT INTO book (id, title, author_id, publishing_year, publisher_id) VALUES(1071,'The Grapes of Wrath',445,1945,10);
INSERT INTO book (id, title, author_id, publishing_year, publisher_id) VALUES(1072,'Moby Dick',315,1974,129);
INSERT INTO book (id, title, author_id, publishing_year, publisher_id) VALUES(1073,'Good Omens: The Nice and Accurate Prophecies of Agnes Nutter, Witch',373,1999,49);
INSERT INTO book (id, title, author_id, publishing_year, publisher_id) VALUES(1074,'Lolita',335,1945,42);
INSERT INTO book (id, title, author_id, publishing_year, publisher_id) VALUES(1075,'The Silmarillion',467,1968,40);
INSERT INTO book (id, title, author_id, publishing_year, publisher_id) VALUES(1076,'Charlotte''s Web',493,1946,91);
INSERT INTO book (id, title, author_id, publishing_year, publisher_id) VALUES(1077,'The Complete Works of William Shakespeare',423,1946,140);
INSERT INTO book (id, title, author_id, publishing_year, publisher_id) VALUES(1078,'Dracula',451,1935,126);
INSERT INTO book (id, title, author_id, publishing_year, publisher_id) VALUES(1079,'Hamlet',423,1988,87);
INSERT INTO book (id, title, author_id, publishing_year, publisher_id) VALUES(1080,'A Thousand Splendid Suns',242,1945,7);
INSERT INTO book (id, title, author_id, publishing_year, publisher_id) VALUES(1081,'The Girl Who Played with Fire',280,1942,35);
INSERT INTO book (id, title, author_id, publishing_year, publisher_id) VALUES(1082,'The Secret Garden',72,1990,8);
INSERT INTO book (id, title, author_id, publishing_year, publisher_id) VALUES(1083,'Water for Elephants: A Novel',211,1951,23);
INSERT INTO book (id, title, author_id, publishing_year, publisher_id) VALUES(1084,'Eragon',354,1943,142);
INSERT INTO book (id, title, author_id, publishing_year, publisher_id) VALUES(1085,'The Help',450,1996,122);
INSERT INTO book (id, title, author_id, publishing_year, publisher_id) VALUES(1086,'Wicked: The Life and Times of the Wicked Witch of the West',296,1934,12);
INSERT INTO book (id, title, author_id, publishing_year, publisher_id) VALUES(1087,'Middlesex: A Novel',160,1969,27);
INSERT INTO book (id, title, author_id, publishing_year, publisher_id) VALUES(1088,'Treasure Island',447,1951,117);
INSERT INTO book (id, title, author_id, publishing_year, publisher_id) VALUES(1089,'On the Road',261,2002,70);
INSERT INTO book (id, title, author_id, publishing_year, publisher_id) VALUES(1090,'The Secret Life of Bees',264,1972,83);
INSERT INTO book (id, title, author_id, publishing_year, publisher_id) VALUES(1091,'The Adventures of Tom Sawyer',473,1939,8);
INSERT INTO book (id, title, author_id, publishing_year, publisher_id) VALUES(1092,'The Old Man and The Sea',230,1998,29);
INSERT INTO book (id, title, author_id, publishing_year, publisher_id) VALUES(1093,'Jonathan Strange & Mr. Norrell',105,1964,135);
INSERT INTO book (id, title, author_id, publishing_year, publisher_id) VALUES(1094,'The Shadow of the Wind',507,1988,47);
INSERT INTO book (id, title, author_id, publishing_year, publisher_id) VALUES(1095,'A Clash of Kings',302,1933,55);
INSERT INTO book (id, title, author_id, publishing_year, publisher_id) VALUES(1096,'The Brothers Karamazov',144,1976,140);
INSERT INTO book (id, title, author_id, publishing_year, publisher_id) VALUES(1097,'Atonement',313,1942,107);
INSERT INTO book (id, title, author_id, publishing_year, publisher_id) VALUES(1098,'The Poisonwood Bible',266,1943,147);
INSERT INTO book (id, title, author_id, publishing_year, publisher_id) VALUES(1099,'Love in the Time of Cholera',299,1939,146);
INSERT INTO book (id, title, author_id, publishing_year, publisher_id) VALUES(1100,'The Bell Jar',368,2009,55);
INSERT INTO book (id, title, author_id, publishing_year, publisher_id) VALUES(1101,'Don Quixote',399,1996,145);
INSERT INTO book (id, title, author_id, publishing_year, publisher_id) VALUES(1102,'Siddhartha',232,1982,119);
INSERT INTO book (id, title, author_id, publishing_year, publisher_id) VALUES(1103,'Persuasion',35,1968,137);
INSERT INTO book (id, title, author_id, publishing_year, publisher_id) VALUES(1104,'Freakonomics: A Rogue Economist Explores the Hidden Side of Everything',286,1967,80);
INSERT INTO book (id, title, author_id, publishing_year, publisher_id) VALUES(1105,'The Pillars of the Earth',174,1949,132);
INSERT INTO book (id, title, author_id, publishing_year, publisher_id) VALUES(1106,'War and Peace',468,2004,140);
INSERT INTO book (id, title, author_id, publishing_year, publisher_id) VALUES(1107,'The Diary of a Young Girl',177,1961,31);
INSERT INTO book (id, title, author_id, publishing_year, publisher_id) VALUES(1108,'Neverwhere',188,1942,99);
INSERT INTO book (id, title, author_id, publishing_year, publisher_id) VALUES(1109,'Romeo and Juliet',423,1958,31);
INSERT INTO book (id, title, author_id, publishing_year, publisher_id) VALUES(1110,'The Magician''s Nephew',287,1946,80);
INSERT INTO book (id, title, author_id, publishing_year, publisher_id) VALUES(1111,'A Clockwork Orange',71,1944,39);
INSERT INTO book (id, title, author_id, publishing_year, publisher_id) VALUES(1112,'Night',496,1987,138);
INSERT INTO book (id, title, author_id, publishing_year, publisher_id) VALUES(1113,'Madame Bovary',171,1985,66);
INSERT INTO book (id, title, author_id, publishing_year, publisher_id) VALUES(1114,'The Subtle Knife',376,1935,34);
INSERT INTO book (id, title, author_id, publishing_year, publisher_id) VALUES(1115,'The Girl Who Kicked the Hornet’s Nest',280,2004,46);
INSERT INTO book (id, title, author_id, publishing_year, publisher_id) VALUES(1116,'The Lightning Thief',386,1935,8);
INSERT INTO book (id, title, author_id, publishing_year, publisher_id) VALUES(1117,'Guns, Germs, and Steel: The Fates of Human Societies',136,1999,54);
INSERT INTO book (id, title, author_id, publishing_year, publisher_id) VALUES(1118,'One Flew Over the Cuckoo''s Nest',262,1999,85);
INSERT INTO book (id, title, author_id, publishing_year, publisher_id) VALUES(1119,'Watership Down',17,1939,110);
INSERT INTO book (id, title, author_id, publishing_year, publisher_id) VALUES(1120,'Macbeth',423,1970,67);
INSERT INTO book (id, title, author_id, publishing_year, publisher_id) VALUES(1121,'Mere Christianity',287,1941,58);
INSERT INTO book (id, title, author_id, publishing_year, publisher_id) VALUES(1122,'Les Misérables',243,2006,58);
INSERT INTO book (id, title, author_id, publishing_year, publisher_id) VALUES(1123,'The Amber Spyglass',376,1958,18);
INSERT INTO book (id, title, author_id, publishing_year, publisher_id) VALUES(1124,'The Princess Bride',198,2005,14);
INSERT INTO book (id, title, author_id, publishing_year, publisher_id) VALUES(1125,'Alice''s Adventures in Wonderland and Through the Looking Glass',88,2009,129);
INSERT INTO book (id, title, author_id, publishing_year, publisher_id) VALUES(1126,'Angela''s Ashes',310,1953,2);
INSERT INTO book (id, title, author_id, publishing_year, publisher_id) VALUES(1127,'Ulysses',254,1966,149);
INSERT INTO book (id, title, author_id, publishing_year, publisher_id) VALUES(1128,'Alice''s Adventures in Wonderland',88,1989,142);
INSERT INTO book (id, title, author_id, publishing_year, publisher_id) VALUES(1129,'Anne of Green Gables',326,2001,125);
INSERT INTO book (id, title, author_id, publishing_year, publisher_id) VALUES(1130,'A Storm of Swords',302,1988,101);
INSERT INTO book (id, title, author_id, publishing_year, publisher_id) VALUES(1131,'Eat, Pray, Love',193,1984,116);
INSERT INTO book (id, title, author_id, publishing_year, publisher_id) VALUES(1132,'Gone with the Wind',325,1954,26);
INSERT INTO book (id, title, author_id, publishing_year, publisher_id) VALUES(1133,'Interview with the Vampire',384,1961,125);
INSERT INTO book (id, title, author_id, publishing_year, publisher_id) VALUES(1134,'Atlas Shrugged',379,1948,124);
INSERT INTO book (id, title, author_id, publishing_year, publisher_id) VALUES(1135,'Prince Caspian',287,1975,109);
INSERT INTO book (id, title, author_id, publishing_year, publisher_id) VALUES(1136,'The Sun Also Rises',230,1954,4);
INSERT INTO book (id, title, author_id, publishing_year, publisher_id) VALUES(1137,'A Short History of Nearly Everything',67,1964,104);
INSERT INTO book (id, title, author_id, publishing_year, publisher_id) VALUES(1138,'A Feast for Crows',302,1944,51);
INSERT INTO book (id, title, author_id, publishing_year, publisher_id) VALUES(1139,'The Unbearable Lightness of Being',276,1949,70);
INSERT INTO book (id, title, author_id, publishing_year, publisher_id) VALUES(1140,'Me Talk Pretty One Day',414,1977,121);
INSERT INTO book (id, title, author_id, publishing_year, publisher_id) VALUES(1141,'The Historian',273,2002,56);
INSERT INTO book (id, title, author_id, publishing_year, publisher_id) VALUES(1142,'In Cold Blood',82,2003,19);
INSERT INTO book (id, title, author_id, publishing_year, publisher_id) VALUES(1143,'Neuromancer',192,1937,110);
INSERT INTO book (id, title, author_id, publishing_year, publisher_id) VALUES(1144,'Where the Wild Things Are',417,1986,93);
INSERT INTO book (id, title, author_id, publishing_year, publisher_id) VALUES(1145,'Holes',400,1996,103);
INSERT INTO book (id, title, author_id, publishing_year, publisher_id) VALUES(1146,'Heart of Darkness',117,1936,147);
INSERT INTO book (id, title, author_id, publishing_year, publisher_id) VALUES(1147,'The Tipping Point: How Little Things Can Make a Big Difference',194,1936,34);
INSERT INTO book (id, title, author_id, publishing_year, publisher_id) VALUES(1148,'The Count of Monte Cristo',364,1986,150);
INSERT INTO book (id, title, author_id, publishing_year, publisher_id) VALUES(1149,'My Sister''s Keeper',365,2009,143);
INSERT INTO book (id, title, author_id, publishing_year, publisher_id) VALUES(1151,'The Voyage of the Dawn Treader',287,1933,140);
INSERT INTO book (id, title, author_id, publishing_year, publisher_id) VALUES(1152,'Cat''s Cradle',478,1996,137);
INSERT INTO book (id, title, author_id, publishing_year, publisher_id) VALUES(1153,'Outlander',187,1995,74);
INSERT INTO book (id, title, author_id, publishing_year, publisher_id) VALUES(1154,'The Inferno',22,1952,4);
INSERT INTO book (id, title, author_id, publishing_year, publisher_id) VALUES(1155,'The Horse and His Boy',287,1975,121);
INSERT INTO book (id, title, author_id, publishing_year, publisher_id) VALUES(1156,'East of Eden',445,1968,88);
INSERT INTO book (id, title, author_id, publishing_year, publisher_id) VALUES(1157,'Robinson Crusoe',133,1997,10);
INSERT INTO book (id, title, author_id, publishing_year, publisher_id) VALUES(1158,'Never Let Me Go',247,1936,90);
INSERT INTO book (id, title, author_id, publishing_year, publisher_id) VALUES(1159,'Stardust',188,1975,42);
INSERT INTO book (id, title, author_id, publishing_year, publisher_id) VALUES(1160,'Charlie and the Chocolate Factory',128,1964,116);
INSERT INTO book (id, title, author_id, publishing_year, publisher_id) VALUES(1161,'Oliver Twist',140,1946,18);
INSERT INTO book (id, title, author_id, publishing_year, publisher_id) VALUES(1162,'A Farewell to Arms',230,1993,141);
INSERT INTO book (id, title, author_id, publishing_year, publisher_id) VALUES(1163,'Mansfield Park',35,1955,141);
INSERT INTO book (id, title, author_id, publishing_year, publisher_id) VALUES(1164,'Blink: The Power of Thinking Without Thinking',194,1983,152);
INSERT INTO book (id, title, author_id, publishing_year, publisher_id) VALUES(1165,'A Confederacy of Dunces',469,1935,106);
INSERT INTO book (id, title, author_id, publishing_year, publisher_id) VALUES(1166,'The Prince',294,1954,34);
INSERT INTO book (id, title, author_id, publishing_year, publisher_id) VALUES(1167,'The Gunslinger',265,1944,6);
INSERT INTO book (id, title, author_id, publishing_year, publisher_id) VALUES(1168,'Beloved',331,2000,156);
INSERT INTO book (id, title, author_id, publishing_year, publisher_id) VALUES(1169,'The Fault in Our Stars',204,1996,49);
INSERT INTO book (id, title, author_id, publishing_year, publisher_id) VALUES(1170,'A Christmas Carol',140,1955,27);
INSERT INTO book (id, title, author_id, publishing_year, publisher_id) VALUES(1171,'A Portrait of the Artist as a Young Man',254,1936,41);
INSERT INTO book (id, title, author_id, publishing_year, publisher_id) VALUES(1172,'Gulliver''s Travels',459,1943,88);
INSERT INTO book (id, title, author_id, publishing_year, publisher_id) VALUES(1173,'Deception Point',64,1985,86);
INSERT INTO book (id, title, author_id, publishing_year, publisher_id) VALUES(1174,'Anansi Boys',188,2006,73);
INSERT INTO book (id, title, author_id, publishing_year, publisher_id) VALUES(1175,'The Aeneid',12,1997,61);
INSERT INTO book (id, title, author_id, publishing_year, publisher_id) VALUES(1176,'Digital Fortress',64,1948,147);
INSERT INTO book (id, title, author_id, publishing_year, publisher_id) VALUES(1177,'The Colour of Magic',373,1966,136);
INSERT INTO book (id, title, author_id, publishing_year, publisher_id) VALUES(1178,'The Devil in the White City: Murder, Magic, and Madness at the Fair that Changed America',279,1963,71);
INSERT INTO book (id, title, author_id, publishing_year, publisher_id) VALUES(1179,'Little Women / Good Wives',20,1937,68);
INSERT INTO book (id, title, author_id, publishing_year, publisher_id) VALUES(1180,'The Shining',265,1998,138);
INSERT INTO book (id, title, author_id, publishing_year, publisher_id) VALUES(1181,'Eldest',354,1935,59);
INSERT INTO book (id, title, author_id, publishing_year, publisher_id) VALUES(1182,'The Graveyard Book',188,1931,46);
INSERT INTO book (id, title, author_id, publishing_year, publisher_id) VALUES(1183,'The Silver Chair',287,1940,17);
INSERT INTO book (id, title, author_id, publishing_year, publisher_id) VALUES(1184,'The Canterbury Tales',96,1964,121);
INSERT INTO book (id, title, author_id, publishing_year, publisher_id) VALUES(1185,'Northanger Abbey',35,2005,142);
INSERT INTO book (id, title, author_id, publishing_year, publisher_id) VALUES(1186,'The Lost Symbol',64,1972,74);
INSERT INTO book (id, title, author_id, publishing_year, publisher_id) VALUES(1187,'The Republic',8,2000,16);
INSERT INTO book (id, title, author_id, publishing_year, publisher_id) VALUES(1188,'The Elements of Style',457,1934,1);
INSERT INTO book (id, title, author_id, publishing_year, publisher_id) VALUES(1189,'The Glass Castle',481,1997,39);
INSERT INTO book (id, title, author_id, publishing_year, publisher_id) VALUES(1190,'The Last Battle',287,1959,92);
INSERT INTO book (id, title, author_id, publishing_year, publisher_id) VALUES(1191,'The Fountainhead',379,2004,115);
INSERT INTO book (id, title, author_id, publishing_year, publisher_id) VALUES(1192,'Divergent',392,1988,19);
INSERT INTO book (id, title, author_id, publishing_year, publisher_id) VALUES(1193,'The Wind in the Willows',201,1984,152);
INSERT INTO book (id, title, author_id, publishing_year, publisher_id) VALUES(1194,'Snow Crash',446,1980,15);
INSERT INTO book (id, title, author_id, publishing_year, publisher_id) VALUES(1195,'The Amazing Adventures of Kavalier & Clay',92,1972,42);
INSERT INTO book (id, title, author_id, publishing_year, publisher_id) VALUES(1196,'A Brief History of Time: From the Big Bang to Black Holes',225,1951,129);
INSERT INTO book (id, title, author_id, publishing_year, publisher_id) VALUES(1197,'The Tales of Beedle the Bard',394,1964,152);
INSERT INTO book (id, title, author_id, publishing_year, publisher_id) VALUES(1198,'Candide',13,2003,66);
INSERT INTO book (id, title, author_id, publishing_year, publisher_id) VALUES(1199,'The God of Small Things',395,1964,105);
INSERT INTO book (id, title, author_id, publishing_year, publisher_id) VALUES(1200,'The Art of War',11,1977,21);
INSERT INTO book (id, title, author_id, publishing_year, publisher_id) VALUES(1201,'Fight Club',353,1939,132);
INSERT INTO book (id, title, author_id, publishing_year, publisher_id) VALUES(1202,'David Copperfield',140,1978,143);
INSERT INTO book (id, title, author_id, publishing_year, publisher_id) VALUES(1203,'Confessions',4,1992,72);
INSERT INTO book (id, title, author_id, publishing_year, publisher_id) VALUES(1204,'Mrs. Dalloway',503,1950,77);
INSERT INTO book (id, title, author_id, publishing_year, publisher_id) VALUES(1205,'Tuesdays with Morrie: An Old Man, a Young Man, and Life''s Greatest Lesson',19,1936,121);
INSERT INTO book (id, title, author_id, publishing_year, publisher_id) VALUES(1206,'The Stand: The Complete and Uncut Edition',265,1932,2);
INSERT INTO book (id, title, author_id, publishing_year, publisher_id) VALUES(1207,'The Trial',257,2008,114);
INSERT INTO book (id, title, author_id, publishing_year, publisher_id) VALUES(1208,'The Name of the Rose',149,1948,104);
INSERT INTO book (id, title, author_id, publishing_year, publisher_id) VALUES(1209,'The Three Musketeers',146,1964,138);
INSERT INTO book (id, title, author_id, publishing_year, publisher_id) VALUES(1210,'The Bad Beginning',435,1968,135);
INSERT INTO book (id, title, author_id, publishing_year, publisher_id) VALUES(1211,'It',265,1998,142);
INSERT INTO book (id, title, author_id, publishing_year, publisher_id) VALUES(1212,'Coraline',188,1983,3);
INSERT INTO book (id, title, author_id, publishing_year, publisher_id) VALUES(1213,'A Prayer for Owen Meany',246,1934,102);
INSERT INTO book (id, title, author_id, publishing_year, publisher_id) VALUES(1214,'The Ultimate Hitchhiker''s Guide to the Galaxy',16,1983,145);
INSERT INTO book (id, title, author_id, publishing_year, publisher_id) VALUES(1215,'The Guernsey Literary and Potato Peel Pie Society',422,1945,24);
INSERT INTO book (id, title, author_id, publishing_year, publisher_id) VALUES(1216,'Jurassic Park',123,1963,22);
INSERT INTO book (id, title, author_id, publishing_year, publisher_id) VALUES(1217,'Matilda',128,1967,117);
INSERT INTO book (id, title, author_id, publishing_year, publisher_id) VALUES(1218,'Watchmen',327,1992,140);
INSERT INTO book (id, title, author_id, publishing_year, publisher_id) VALUES(1219,'Zen and the Art of Motorcycle Maintenance: An Inquiry into Values',367,1962,10);
INSERT INTO book (id, title, author_id, publishing_year, publisher_id) VALUES(1220,'Dubliners',254,1990,60);
INSERT INTO book (id, title, author_id, publishing_year, publisher_id) VALUES(1221,'Foundation',29,1962,99);
INSERT INTO book (id, title, author_id, publishing_year, publisher_id) VALUES(1222,'The Perks of Being a Wallflower',97,1958,121);
INSERT INTO book (id, title, author_id, publishing_year, publisher_id) VALUES(1223,'The Five People You Meet in Heaven',19,1995,77);
INSERT INTO book (id, title, author_id, publishing_year, publisher_id) VALUES(1224,'The Wonderful Wizard of Oz',43,1965,82);
INSERT INTO book (id, title, author_id, publishing_year, publisher_id) VALUES(1225,'Things Fall Apart',15,1967,107);
INSERT INTO book (id, title, author_id, publishing_year, publisher_id) VALUES(1226,'The Master and Margarita',69,1950,111);
INSERT INTO book (id, title, author_id, publishing_year, publisher_id) VALUES(1227,'Rebecca',305,1951,75);
INSERT INTO book (id, title, author_id, publishing_year, publisher_id) VALUES(1228,'Tess of the d''Urbervilles',220,1952,25);
INSERT INTO book (id, title, author_id, publishing_year, publisher_id) VALUES(1229,'The Divine Comedy',22,1934,58);
INSERT INTO book (id, title, author_id, publishing_year, publisher_id) VALUES(1230,'Artemis Fowl',112,1988,140);
INSERT INTO book (id, title, author_id, publishing_year, publisher_id) VALUES(1231,'The Color Purple',479,1946,44);
INSERT INTO book (id, title, author_id, publishing_year, publisher_id) VALUES(1232,'Gone Girl',172,2006,117);
INSERT INTO book (id, title, author_id, publishing_year, publisher_id) VALUES(1233,'Bridge to Terabithia',357,1979,61);
INSERT INTO book (id, title, author_id, publishing_year, publisher_id) VALUES(1234,'Sophie''s World',186,1940,137);
INSERT INTO book (id, title, author_id, publishing_year, publisher_id) VALUES(1235,'The Memory Keeper''s Daughter',151,1979,81);
INSERT INTO book (id, title, author_id, publishing_year, publisher_id) VALUES(1236,'Girl with a Pearl Earring',98,1986,29);
INSERT INTO book (id, title, author_id, publishing_year, publisher_id) VALUES(1237,'A Midsummer Night''s Dream',423,1984,151);
INSERT INTO book (id, title, author_id, publishing_year, publisher_id) VALUES(1238,'The Restaurant at the End of the Universe',16,1944,11);
INSERT INTO book (id, title, author_id, publishing_year, publisher_id) VALUES(1239,'Bridget Jones''s Diary',166,1984,136);
INSERT INTO book (id, title, author_id, publishing_year, publisher_id) VALUES(1240,'Where the Sidewalk Ends: Poems and Drawings',427,1973,115);
INSERT INTO book (id, title, author_id, publishing_year, publisher_id) VALUES(1241,'For Whom the Bell Tolls',230,1956,77);
INSERT INTO book (id, title, author_id, publishing_year, publisher_id) VALUES(1242,'Perfume: The Story of a Murderer',458,1991,8);
INSERT INTO book (id, title, author_id, publishing_year, publisher_id) VALUES(1243,'Foucault''s Pendulum',149,1962,4);
INSERT INTO book (id, title, author_id, publishing_year, publisher_id) VALUES(1244,'The Thirteenth Tale',418,1956,84);
INSERT INTO book (id, title, author_id, publishing_year, publisher_id) VALUES(1245,'The Wind-Up Bird Chronicle',334,1973,23);
INSERT INTO book (id, title, author_id, publishing_year, publisher_id) VALUES(1246,'The Red Tent',135,1999,61);
INSERT INTO book (id, title, author_id, publishing_year, publisher_id) VALUES(1247,'The Very Hungry Caterpillar',84,1974,97);
INSERT INTO book (id, title, author_id, publishing_year, publisher_id) VALUES(1248,'The Joy Luck Club',461,1977,21);
INSERT INTO book (id, title, author_id, publishing_year, publisher_id) VALUES(1249,'Cryptonomicon',446,2002,77);
INSERT INTO book (id, title, author_id, publishing_year, publisher_id) VALUES(1250,'The Outsiders',235,1963,52);
INSERT INTO book (id, title, author_id, publishing_year, publisher_id) VALUES(1251,'Do Androids Dream of Electric Sheep?',139,2010,32);
INSERT INTO book (id, title, author_id, publishing_year, publisher_id) VALUES(1252,'The Corrections: A Novel',179,2003,91);
INSERT INTO book (id, title, author_id, publishing_year, publisher_id) VALUES(1253,'The Host',317,1954,118);
INSERT INTO book (id, title, author_id, publishing_year, publisher_id) VALUES(1254,'Kafka on the Shore',334,1999,80);
INSERT INTO book (id, title, author_id, publishing_year, publisher_id) VALUES(1255,'The God Delusion',132,1960,36);
INSERT INTO book (id, title, author_id, publishing_year, publisher_id) VALUES(1256,'Green Eggs and Ham',419,1981,129);
INSERT INTO book (id, title, author_id, publishing_year, publisher_id) VALUES(1257,'The Secret History',462,1931,18);
INSERT INTO book (id, title, author_id, publishing_year, publisher_id) VALUES(1258,'The Sea of Monsters',386,1947,65);
INSERT INTO book (id, title, author_id, publishing_year, publisher_id) VALUES(1259,'A Heartbreaking Work of Staggering Genius',153,2002,84);
INSERT INTO book (id, title, author_id, publishing_year, publisher_id) VALUES(1260,'To the Lighthouse',503,1970,1);
INSERT INTO book (id, title, author_id, publishing_year, publisher_id) VALUES(1261,'Their Eyes Were Watching God',244,1941,135);
INSERT INTO book (id, title, author_id, publishing_year, publisher_id) VALUES(1262,'The Plague',81,1960,107);
INSERT INTO book (id, title, author_id, publishing_year, publisher_id) VALUES(1263,'And Then There Were None',100,1970,60);
INSERT INTO book (id, title, author_id, publishing_year, publisher_id) VALUES(1264,'Extremely Loud and Incredibly Close',173,1980,112);
INSERT INTO book (id, title, author_id, publishing_year, publisher_id) VALUES(1265,'All Quiet on the Western Front',382,1938,15);
INSERT INTO book (id, title, author_id, publishing_year, publisher_id) VALUES(1266,'On Writing',265,1942,132);
INSERT INTO book (id, title, author_id, publishing_year, publisher_id) VALUES(1267,'Cloud Atlas',324,1936,60);
INSERT INTO book (id, title, author_id, publishing_year, publisher_id) VALUES(1268,'City of Bones',103,1934,7);
INSERT INTO book (id, title, author_id, publishing_year, publisher_id) VALUES(1269,'Into the Wild',274,2007,72);
INSERT INTO book (id, title, author_id, publishing_year, publisher_id) VALUES(1270,'The Blind Assassin',32,1943,47);
INSERT INTO book (id, title, author_id, publishing_year, publisher_id) VALUES(1271,'Inkheart',185,2006,5);
INSERT INTO book (id, title, author_id, publishing_year, publisher_id) VALUES(1272,'The Mists of Avalon',56,1942,108);
INSERT INTO book (id, title, author_id, publishing_year, publisher_id) VALUES(1273,'Oryx and Crake',32,1942,120);
INSERT INTO book (id, title, author_id, publishing_year, publisher_id) VALUES(1274,'James and the Giant Peach',128,1984,97);
INSERT INTO book (id, title, author_id, publishing_year, publisher_id) VALUES(1275,'The Eye of the World',253,2007,84);
INSERT INTO book (id, title, author_id, publishing_year, publisher_id) VALUES(1276,'Tao Te Ching',474,1969,85);
INSERT INTO book (id, title, author_id, publishing_year, publisher_id) VALUES(1277,'A Walk in the Woods: Rediscovering America on the Appalachian Trail',67,1931,41);
INSERT INTO book (id, title, author_id, publishing_year, publisher_id) VALUES(1278,'The Time Machine',487,1966,109);
INSERT INTO book (id, title, author_id, publishing_year, publisher_id) VALUES(1279,'The Eyre Affair',165,1948,105);
INSERT INTO book (id, title, author_id, publishing_year, publisher_id) VALUES(1280,'Breakfast of Champions',478,1976,15);
INSERT INTO book (id, title, author_id, publishing_year, publisher_id) VALUES(1281,'The Sound and the Fury',162,2009,145);
INSERT INTO book (id, title, author_id, publishing_year, publisher_id) VALUES(1282,'The Other Boleyn Girl',206,2006,151);
INSERT INTO book (id, title, author_id, publishing_year, publisher_id) VALUES(1283,'The Pilgrim''s Progress',70,2006,24);
INSERT INTO book (id, title, author_id, publishing_year, publisher_id) VALUES(1284,'Middlemarch',155,1937,124);
INSERT INTO book (id, title, author_id, publishing_year, publisher_id) VALUES(1285,'The World According to Garp',246,1941,122);
INSERT INTO book (id, title, author_id, publishing_year, publisher_id) VALUES(1286,'Eats, Shoots & Leaves: The Zero Tolerance Approach to Punctuation',470,1950,45);
INSERT INTO book (id, title, author_id, publishing_year, publisher_id) VALUES(1287,'The Cat in the Hat',419,2010,57);
INSERT INTO book (id, title, author_id, publishing_year, publisher_id) VALUES(1288,'The Call of the Wild',290,1999,44);
INSERT INTO book (id, title, author_id, publishing_year, publisher_id) VALUES(1289,'Looking for Alaska',204,1985,15);
INSERT INTO book (id, title, author_id, publishing_year, publisher_id) VALUES(1290,'The Giving Tree',427,1994,104);
INSERT INTO book (id, title, author_id, publishing_year, publisher_id) VALUES(1291,'Dead Until Dark',222,1952,135);
INSERT INTO book (id, title, author_id, publishing_year, publisher_id) VALUES(1292,'The BFG',128,1946,63);
INSERT INTO book (id, title, author_id, publishing_year, publisher_id) VALUES(1293,'The War of the Worlds',487,1980,114);
INSERT INTO book (id, title, author_id, publishing_year, publisher_id) VALUES(1294,'Running with Scissors',73,1985,33);
INSERT INTO book (id, title, author_id, publishing_year, publisher_id) VALUES(1295,'High Fidelity',241,1959,91);
INSERT INTO book (id, title, author_id, publishing_year, publisher_id) VALUES(1296,'The Name of the Wind',393,1957,139);
INSERT INTO book (id, title, author_id, publishing_year, publisher_id) VALUES(1297,'Number the Stars',291,1942,70);
INSERT INTO book (id, title, author_id, publishing_year, publisher_id) VALUES(1298,'Little Women',20,1952,80);
INSERT INTO book (id, title, author_id, publishing_year, publisher_id) VALUES(1299,'Island of the Blue Dolphins',348,1993,14);
INSERT INTO book (id, title, author_id, publishing_year, publisher_id) VALUES(1300,'Speaker for the Dead',83,2007,81);
INSERT INTO book (id, title, author_id, publishing_year, publisher_id) VALUES(1301,'The Screwtape Letters (with Screwtape Proposes a Toast)',287,1945,105);
INSERT INTO book (id, title, author_id, publishing_year, publisher_id) VALUES(1302,'The 7 Habits of Highly Effective People',120,1940,62);
INSERT INTO book (id, title, author_id, publishing_year, publisher_id) VALUES(1303,'The Once and Future King',494,1959,51);
INSERT INTO book (id, title, author_id, publishing_year, publisher_id) VALUES(1304,'The Martian Chronicles',54,1970,147);
INSERT INTO book (id, title, author_id, publishing_year, publisher_id) VALUES(1305,'The Phantom Tollbooth',256,1950,44);
INSERT INTO book (id, title, author_id, publishing_year, publisher_id) VALUES(1306,'Life, the Universe and Everything',16,2006,60);
INSERT INTO book (id, title, author_id, publishing_year, publisher_id) VALUES(1307,'The Titan''s Curse',386,1964,41);
INSERT INTO book (id, title, author_id, publishing_year, publisher_id) VALUES(1308,'Franny and Zooey',404,1941,71);
INSERT INTO book (id, title, author_id, publishing_year, publisher_id) VALUES(1309,'The Strange Case of Dr. Jekyll and Mr. Hyde',447,1966,59);
INSERT INTO book (id, title, author_id, publishing_year, publisher_id) VALUES(1310,'Everything Is Illuminated',173,1998,76);
INSERT INTO book (id, title, author_id, publishing_year, publisher_id) VALUES(1311,'A Tree Grows in Brooklyn',432,1983,94);
INSERT INTO book (id, title, author_id, publishing_year, publisher_id) VALUES(1312,'Othello',423,1977,142);
INSERT INTO book (id, title, author_id, publishing_year, publisher_id) VALUES(1313,'Goodnight Moon',66,1946,134);
INSERT INTO book (id, title, author_id, publishing_year, publisher_id) VALUES(1314,'Invisible Man',157,2003,3);
INSERT INTO book (id, title, author_id, publishing_year, publisher_id) VALUES(1315,'The Idiot',144,2002,51);
INSERT INTO book (id, title, author_id, publishing_year, publisher_id) VALUES(1316,'The Drawing Of The Three',265,1980,35);
INSERT INTO book (id, title, author_id, publishing_year, publisher_id) VALUES(1317,'Twenty Thousand Leagues Under the Sea',476,1998,42);
INSERT INTO book (id, title, author_id, publishing_year, publisher_id) VALUES(1318,'Norwegian Wood',334,1945,123);
INSERT INTO book (id, title, author_id, publishing_year, publisher_id) VALUES(1319,'Mort',373,2003,24);
INSERT INTO book (id, title, author_id, publishing_year, publisher_id) VALUES(1320,'The Remains of the Day',247,1980,155);
INSERT INTO book (id, title, author_id, publishing_year, publisher_id) VALUES(1321,'Uncle Tom''s Cabin',453,1985,9);
INSERT INTO book (id, title, author_id, publishing_year, publisher_id) VALUES(1322,'The Notebook',439,1933,135);
INSERT INTO book (id, title, author_id, publishing_year, publisher_id) VALUES(1323,'Peter Pan',42,1934,83);
INSERT INTO book (id, title, author_id, publishing_year, publisher_id) VALUES(1324,'The Battle of the Labyrinth',386,1976,62);
INSERT INTO book (id, title, author_id, publishing_year, publisher_id) VALUES(1325,'Salem''s Lot',265,1968,157);
INSERT INTO book (id, title, author_id, publishing_year, publisher_id) VALUES(1326,'Dress Your Family in Corduroy and Denim',414,1962,94);
INSERT INTO book (id, title, author_id, publishing_year, publisher_id) VALUES(1327,'Fear and Loathing in Las Vegas',465,1955,136);
INSERT INTO book (id, title, author_id, publishing_year, publisher_id) VALUES(1328,'Miss Peregrine''s Home For Peculiar Children',385,1969,76);
INSERT INTO book (id, title, author_id, publishing_year, publisher_id) VALUES(1329,'Outliers: The Story of Success',194,1945,66);
INSERT INTO book (id, title, author_id, publishing_year, publisher_id) VALUES(1330,'The No. 1 Ladies'' Detective Agency',431,1949,131);
INSERT INTO book (id, title, author_id, publishing_year, publisher_id) VALUES(1331,'Hatchet',360,1945,59);
INSERT INTO book (id, title, author_id, publishing_year, publisher_id) VALUES(1332,'His Dark Materials',376,1951,119);
INSERT INTO book (id, title, author_id, publishing_year, publisher_id) VALUES(1333,'The Light Fantastic',373,1981,157);
INSERT INTO book (id, title, author_id, publishing_year, publisher_id) VALUES(1334,'World War Z',62,1943,1);
INSERT INTO book (id, title, author_id, publishing_year, publisher_id) VALUES(1335,'So Long, and Thanks for All the Fish',16,1989,68);
INSERT INTO book (id, title, author_id, publishing_year, publisher_id) VALUES(1336,'Vanity Fair',464,1988,59);
INSERT INTO book (id, title, author_id, publishing_year, publisher_id) VALUES(1337,'The Shipping News',374,1968,68);
INSERT INTO book (id, title, author_id, publishing_year, publisher_id) VALUES(1338,'Dune Messiah',231,1937,145);
INSERT INTO book (id, title, author_id, publishing_year, publisher_id) VALUES(1339,'The Omnivore''s Dilemma: A Natural History of Four Meals',371,2000,25);
INSERT INTO book (id, title, author_id, publishing_year, publisher_id) VALUES(1340,'As I Lay Dying',162,1964,126);
INSERT INTO book (id, title, author_id, publishing_year, publisher_id) VALUES(1341,'A Wizard of Earthsea',212,2009,27);
INSERT INTO book (id, title, author_id, publishing_year, publisher_id) VALUES(1342,'The Purpose Driven Life',482,1971,156);
INSERT INTO book (id, title, author_id, publishing_year, publisher_id) VALUES(1343,'Black Beauty',420,1970,49);
INSERT INTO book (id, title, author_id, publishing_year, publisher_id) VALUES(1344,'The Shack',506,1996,98);
INSERT INTO book (id, title, author_id, publishing_year, publisher_id) VALUES(1345,'Speak',26,1938,134);
INSERT INTO book (id, title, author_id, publishing_year, publisher_id) VALUES(1346,'A Dance With Dragons',302,1959,87);
INSERT INTO book (id, title, author_id, publishing_year, publisher_id) VALUES(1347,'The Crucible',319,1932,117);
INSERT INTO book (id, title, author_id, publishing_year, publisher_id) VALUES(1348,'Around the World in Eighty Days',476,1956,12);
INSERT INTO book (id, title, author_id, publishing_year, publisher_id) VALUES(1349,'Dirk Gently''s Holistic Detective Agency',16,1981,86);
INSERT INTO book (id, title, author_id, publishing_year, publisher_id) VALUES(1350,'King Lear',423,1984,10);
INSERT INTO book (id, title, author_id, publishing_year, publisher_id) VALUES(1351,'Midnight in the Garden of Good and Evil',46,1940,62);
INSERT INTO book (id, title, author_id, publishing_year, publisher_id) VALUES(1352,'White Teeth',434,2007,32);
INSERT INTO book (id, title, author_id, publishing_year, publisher_id) VALUES(1353,'The Vampire Lestat',384,1991,37);
INSERT INTO book (id, title, author_id, publishing_year, publisher_id) VALUES(1354,'Cold Mountain',180,2003,102);
INSERT INTO book (id, title, author_id, publishing_year, publisher_id) VALUES(1355,'Flowers for Algernon',263,1963,113);
INSERT INTO book (id, title, author_id, publishing_year, publisher_id) VALUES(1356,'A People''s History of the United States',508,1980,30);
INSERT INTO book (id, title, author_id, publishing_year, publisher_id) VALUES(1357,'The Reader',409,1945,147);
INSERT INTO book (id, title, author_id, publishing_year, publisher_id) VALUES(1358,'Equal Rites',373,1958,50);
INSERT INTO book (id, title, author_id, publishing_year, publisher_id) VALUES(1359,'The Night Circus',330,1958,49);
INSERT INTO book (id, title, author_id, publishing_year, publisher_id) VALUES(1360,'Midnight''s Children',396,1987,80);
INSERT INTO book (id, title, author_id, publishing_year, publisher_id) VALUES(1361,'I, Robot',29,1969,133);
INSERT INTO book (id, title, author_id, publishing_year, publisher_id) VALUES(1362,'The World is Flat: A Brief History of the Twenty-First Century',184,1987,13);
INSERT INTO book (id, title, author_id, publishing_year, publisher_id) VALUES(1363,'Brisingr',354,2009,145);
INSERT INTO book (id, title, author_id, publishing_year, publisher_id) VALUES(1364,'She''s Come Undone',278,1961,72);
INSERT INTO book (id, title, author_id, publishing_year, publisher_id) VALUES(1365,'Bel Canto',356,1948,140);
INSERT INTO book (id, title, author_id, publishing_year, publisher_id) VALUES(1366,'Reading Lolita in Tehran: A Memoir in Books',336,1990,106);
INSERT INTO book (id, title, author_id, publishing_year, publisher_id) VALUES(1367,'The House of the Spirits',24,1995,106);
INSERT INTO book (id, title, author_id, publishing_year, publisher_id) VALUES(1368,'Three Cups of Tea: One Man''s Mission to Promote Peace ... One School at a Time',332,1956,106);
INSERT INTO book (id, title, author_id, publishing_year, publisher_id) VALUES(1369,'Storm Front',75,1972,52);
INSERT INTO book (id, title, author_id, publishing_year, publisher_id) VALUES(1370,'The Left Hand of Darkness',212,1968,156);
INSERT INTO book (id, title, author_id, publishing_year, publisher_id) VALUES(1371,'The Good Earth',68,2005,31);
INSERT INTO book (id, title, author_id, publishing_year, publisher_id) VALUES(1372,'From the Mixed-Up Files of Mrs. Basil E. Frankweiler',271,2009,48);
INSERT INTO book (id, title, author_id, publishing_year, publisher_id) VALUES(1373,'Room',143,1936,147);
INSERT INTO book (id, title, author_id, publishing_year, publisher_id) VALUES(1374,'Into Thin Air: A Personal Account of the Mt. Everest Disaster',274,2004,118);
INSERT INTO book (id, title, author_id, publishing_year, publisher_id) VALUES(1375,'Fast Food Nation',410,2009,142);
INSERT INTO book (id, title, author_id, publishing_year, publisher_id) VALUES(1376,'Gödel, Escher, Bach: An Eternal Golden Braid',240,1982,10);
INSERT INTO book (id, title, author_id, publishing_year, publisher_id) VALUES(1377,'Uglies',490,1975,6);
INSERT INTO book (id, title, author_id, publishing_year, publisher_id) VALUES(1378,'Naked',414,2001,62);
INSERT INTO book (id, title, author_id, publishing_year, publisher_id) VALUES(1379,'Possession: A Romance',76,1992,131);
INSERT INTO book (id, title, author_id, publishing_year, publisher_id) VALUES(1380,'Guards! Guards!',373,1974,143);
INSERT INTO book (id, title, author_id, publishing_year, publisher_id) VALUES(1381,'A Little Princess',72,1953,91);
INSERT INTO book (id, title, author_id, publishing_year, publisher_id) VALUES(1382,'House of Leaves',129,1998,130);
INSERT INTO book (id, title, author_id, publishing_year, publisher_id) VALUES(1383,'Misery',265,1969,138);
INSERT INTO book (id, title, author_id, publishing_year, publisher_id) VALUES(1384,'The Last Olympian',386,1990,11);
INSERT INTO book (id, title, author_id, publishing_year, publisher_id) VALUES(1385,'The Waste Lands',265,1974,54);
INSERT INTO book (id, title, author_id, publishing_year, publisher_id) VALUES(1386,'American Psycho',156,1981,112);
INSERT INTO book (id, title, author_id, publishing_year, publisher_id) VALUES(1387,'Snow Falling on Cedars: A Novel',213,1938,149);
INSERT INTO book (id, title, author_id, publishing_year, publisher_id) VALUES(1388,'Murder on the Orient Express',100,1973,114);
INSERT INTO book (id, title, author_id, publishing_year, publisher_id) VALUES(1389,'Timeline',123,1962,30);
INSERT INTO book (id, title, author_id, publishing_year, publisher_id) VALUES(1390,'The Hours',126,2002,92);
INSERT INTO book (id, title, author_id, publishing_year, publisher_id) VALUES(1391,'The Age of Innocence',491,1989,142);
INSERT INTO book (id, title, author_id, publishing_year, publisher_id) VALUES(1392,'Lady Chatterley''s Lover',281,2003,151);
INSERT INTO book (id, title, author_id, publishing_year, publisher_id) VALUES(1393,'My Ántonia',91,1982,18);
INSERT INTO book (id, title, author_id, publishing_year, publisher_id) VALUES(1394,'Little House in the Big Woods',498,1936,66);
INSERT INTO book (id, title, author_id, publishing_year, publisher_id) VALUES(1395,'The Hound of the Baskervilles',145,1977,119);
INSERT INTO book (id, title, author_id, publishing_year, publisher_id) VALUES(1396,'The Communist Manifesto',303,1989,85);
INSERT INTO book (id, title, author_id, publishing_year, publisher_id) VALUES(1397,'Antigone / Oedipus Rex / Oedipus at Colonus',9,1955,120);
INSERT INTO book (id, title, author_id, publishing_year, publisher_id) VALUES(1398,'The Reptile Room',435,1960,97);
INSERT INTO book (id, title, author_id, publishing_year, publisher_id) VALUES(1399,'Steppenwolf',232,1992,117);
INSERT INTO book (id, title, author_id, publishing_year, publisher_id) VALUES(1400,'Choke',353,1971,154);
INSERT INTO book (id, title, author_id, publishing_year, publisher_id) VALUES(1401,'The Things They Carried',347,1966,143);
INSERT INTO book (id, title, author_id, publishing_year, publisher_id) VALUES(1402,'Carrie',265,1939,65);
INSERT INTO book (id, title, author_id, publishing_year, publisher_id) VALUES(1403,'Bleak House',140,1985,87);
INSERT INTO book (id, title, author_id, publishing_year, publisher_id) VALUES(1404,'The Prophet',191,2002,34);
INSERT INTO book (id, title, author_id, publishing_year, publisher_id) VALUES(1405,'I Know Why the Caged Bird Sings',27,1931,109);
INSERT INTO book (id, title, author_id, publishing_year, publisher_id) VALUES(1406,'The Boy in the Striped Pajamas',53,1998,90);
INSERT INTO book (id, title, author_id, publishing_year, publisher_id) VALUES(1407,'On the Origin of Species',130,1944,147);
INSERT INTO book (id, title, author_id, publishing_year, publisher_id) VALUES(1408,'The Brief Wondrous Life of Oscar Wao',137,1981,13);
INSERT INTO book (id, title, author_id, publishing_year, publisher_id) VALUES(1409,'The Witches',128,1975,80);
INSERT INTO book (id, title, author_id, publishing_year, publisher_id) VALUES(1410,'The Namesake: A Novel',277,2009,123);
INSERT INTO book (id, title, author_id, publishing_year, publisher_id) VALUES(1411,'Ready Player One',109,1971,90);
INSERT INTO book (id, title, author_id, publishing_year, publisher_id) VALUES(1412,'Dragonfly in Amber',187,1985,87);
INSERT INTO book (id, title, author_id, publishing_year, publisher_id) VALUES(1413,'Mythology',217,2008,8);
INSERT INTO book (id, title, author_id, publishing_year, publisher_id) VALUES(1414,'Walden',466,1989,37);
INSERT INTO book (id, title, author_id, publishing_year, publisher_id) VALUES(1415,'The Virgin Suicides',160,1994,41);
INSERT INTO book (id, title, author_id, publishing_year, publisher_id) VALUES(1416,'John Adams',312,1978,103);
INSERT INTO book (id, title, author_id, publishing_year, publisher_id) VALUES(1417,'The Girl on the Train',226,2001,134);
INSERT INTO book (id, title, author_id, publishing_year, publisher_id) VALUES(1418,'Tuck Everlasting',37,2001,95);
INSERT INTO book (id, title, author_id, publishing_year, publisher_id) VALUES(1419,'The Clan of the Cave Bear',33,1981,80);
INSERT INTO book (id, title, author_id, publishing_year, publisher_id) VALUES(1420,'The Hunchback of Notre Dame',243,2006,49);
INSERT INTO book (id, title, author_id, publishing_year, publisher_id) VALUES(1421,'Little House on the Prairie',498,1931,15);
INSERT INTO book (id, title, author_id, publishing_year, publisher_id) VALUES(1422,'Wizard And Glass',265,2002,139);
INSERT INTO book (id, title, author_id, publishing_year, publisher_id) VALUES(1423,'Paper Towns',204,1978,113);
INSERT INTO book (id, title, author_id, publishing_year, publisher_id) VALUES(1424,'A Separate Peace',270,1939,69);
INSERT INTO book (id, title, author_id, publishing_year, publisher_id) VALUES(1425,'The Long Dark Tea-Time of the Soul',16,1991,110);
INSERT INTO book (id, title, author_id, publishing_year, publisher_id) VALUES(1426,'Pet Sematary',265,1984,5);
INSERT INTO book (id, title, author_id, publishing_year, publisher_id) VALUES(1427,'2001: A Space Odyssey',104,1994,88);
INSERT INTO book (id, title, author_id, publishing_year, publisher_id) VALUES(1428,'The Great Hunt',253,1963,66);
INSERT INTO book (id, title, author_id, publishing_year, publisher_id) VALUES(1429,'Tender is the Night',169,1957,27);
INSERT INTO book (id, title, author_id, publishing_year, publisher_id) VALUES(1430,'Children of Dune',231,1965,30);
INSERT INTO book (id, title, author_id, publishing_year, publisher_id) VALUES(1431,'Waiting for Godot',44,1935,36);
INSERT INTO book (id, title, author_id, publishing_year, publisher_id) VALUES(1432,'Blindness',406,1980,5);
INSERT INTO book (id, title, author_id, publishing_year, publisher_id) VALUES(1433,'The Tempest',423,1952,49);
INSERT INTO book (id, title, author_id, publishing_year, publisher_id) VALUES(1434,'The Martian',485,1969,59);
INSERT INTO book (id, title, author_id, publishing_year, publisher_id) VALUES(1435,'The Cider House Rules',246,1946,61);
INSERT INTO book (id, title, author_id, publishing_year, publisher_id) VALUES(1436,'The Immortal Life of Henrietta Lacks',430,1931,47);
INSERT INTO book (id, title, author_id, publishing_year, publisher_id) VALUES(1437,'Mostly Harmless',16,1943,106);
INSERT INTO book (id, title, author_id, publishing_year, publisher_id) VALUES(1438,'The Devil Wears Prada',486,1975,37);
INSERT INTO book (id, title, author_id, publishing_year, publisher_id) VALUES(1439,'One Day in the Life of Ivan Denisovich',437,1964,19);
INSERT INTO book (id, title, author_id, publishing_year, publisher_id) VALUES(1440,'Infinite Jest',480,1974,148);
INSERT INTO book (id, title, author_id, publishing_year, publisher_id) VALUES(1441,'Ella Enchanted',285,2006,42);
INSERT INTO book (id, title, author_id, publishing_year, publisher_id) VALUES(1442,'The Woman in White',115,1936,32);
INSERT INTO book (id, title, author_id, publishing_year, publisher_id) VALUES(1443,'Collapse: How Societies Choose to Fail or Succeed',136,1968,2);
INSERT INTO book (id, title, author_id, publishing_year, publisher_id) VALUES(1444,'All the Light We Cannot See',142,1944,78);
INSERT INTO book (id, title, author_id, publishing_year, publisher_id) VALUES(1445,'Insurgent',392,2001,45);
INSERT INTO book (id, title, author_id, publishing_year, publisher_id) VALUES(1446,'One for the Money',161,1995,92);
INSERT INTO book (id, title, author_id, publishing_year, publisher_id) VALUES(1447,'Foundation and Empire',29,1972,15);
INSERT INTO book (id, title, author_id, publishing_year, publisher_id) VALUES(1448,'The Man in the High Castle',139,1998,78);
INSERT INTO book (id, title, author_id, publishing_year, publisher_id) VALUES(1449,'Journey to the Center of the Earth',476,1951,104);
INSERT INTO book (id, title, author_id, publishing_year, publisher_id) VALUES(1450,'The Pearl',445,1951,79);
INSERT INTO book (id, title, author_id, publishing_year, publisher_id) VALUES(1451,'Nine Stories',404,1937,93);
INSERT INTO book (id, title, author_id, publishing_year, publisher_id) VALUES(1452,'Interpreter of Maladies',277,1962,140);
INSERT INTO book (id, title, author_id, publishing_year, publisher_id) VALUES(1453,'Wyrd Sisters',373,2008,67);
INSERT INTO book (id, title, author_id, publishing_year, publisher_id) VALUES(1454,'Brideshead Revisited',484,1935,117);
INSERT INTO book (id, title, author_id, publishing_year, publisher_id) VALUES(1455,'Because of Winn-Dixie',138,1935,91);
INSERT INTO book (id, title, author_id, publishing_year, publisher_id) VALUES(1456,'The Adventures of Sherlock Holmes',145,1967,82);
INSERT INTO book (id, title, author_id, publishing_year, publisher_id) VALUES(1457,'Thus Spoke Zarathustra',338,1983,50);
INSERT INTO book (id, title, author_id, publishing_year, publisher_id) VALUES(1458,'If on a Winter''s Night a Traveler',79,1967,87);
INSERT INTO book (id, title, author_id, publishing_year, publisher_id) VALUES(1459,'World Without End',174,1939,143);
INSERT INTO book (id, title, author_id, publishing_year, publisher_id) VALUES(1460,'Man''s Search for Meaning',178,1962,133);
INSERT INTO book (id, title, author_id, publishing_year, publisher_id) VALUES(1461,'1776',312,2003,111);
INSERT INTO book (id, title, author_id, publishing_year, publisher_id) VALUES(1462,'A Time to Kill',208,1952,126);
INSERT INTO book (id, title, author_id, publishing_year, publisher_id) VALUES(1463,'Fantastic Beasts and Where to Find Them',394,1969,64);
INSERT INTO book (id, title, author_id, publishing_year, publisher_id) VALUES(1464,'Metamorphoses',7,1936,157);
INSERT INTO book (id, title, author_id, publishing_year, publisher_id) VALUES(1465,'The Maze Runner',131,2001,109);
INSERT INTO book (id, title, author_id, publishing_year, publisher_id) VALUES(1466,'Living Dead in Dallas',222,1947,121);
INSERT INTO book (id, title, author_id, publishing_year, publisher_id) VALUES(1467,'A Wind in the Door',283,1994,60);
INSERT INTO book (id, title, author_id, publishing_year, publisher_id) VALUES(1468,'One Fish, Two Fish, Red Fish, Blue Fish',419,1957,15);
INSERT INTO book (id, title, author_id, publishing_year, publisher_id) VALUES(1469,'Where the Red Fern Grows',381,1999,131);
INSERT INTO book (id, title, author_id, publishing_year, publisher_id) VALUES(1470,'Like Water for Chocolate',159,1964,133);
INSERT INTO book (id, title, author_id, publishing_year, publisher_id) VALUES(1471,'Snow Flower and the Secret Fan',415,1942,49);
INSERT INTO book (id, title, author_id, publishing_year, publisher_id) VALUES(1472,'A Passage to India',176,1938,60);
INSERT INTO book (id, title, author_id, publishing_year, publisher_id) VALUES(1473,'The Tale of Despereaux: Being the Story of a Mouse, a Princess, Some Soup and a Spool of Thread',138,1963,13);
INSERT INTO book (id, title, author_id, publishing_year, publisher_id) VALUES(1474,'Wolf Hall',298,1940,138);
INSERT INTO book (id, title, author_id, publishing_year, publisher_id) VALUES(1475,'Paradise Lost',322,1935,148);
INSERT INTO book (id, title, author_id, publishing_year, publisher_id) VALUES(1476,'Alexander and the Terrible, Horrible, No Good, Very Bad Day',477,1952,135);
INSERT INTO book (id, title, author_id, publishing_year, publisher_id) VALUES(1477,'The Professor and the Madman: A Tale of Murder, Insanity, and the Making of the Oxford English Dictionary (P.S.)',501,1934,126);
INSERT INTO book (id, title, author_id, publishing_year, publisher_id) VALUES(1478,'White Oleander',168,1947,47);
INSERT INTO book (id, title, author_id, publishing_year, publisher_id) VALUES(1479,'The Queen of the Damned',384,2001,16);
INSERT INTO book (id, title, author_id, publishing_year, publisher_id) VALUES(1480,'Xenocide',83,1941,44);
INSERT INTO book (id, title, author_id, publishing_year, publisher_id) VALUES(1481,'If You Give a Mouse a Cookie',343,1941,56);
INSERT INTO book (id, title, author_id, publishing_year, publisher_id) VALUES(1482,'Small Gods',373,1987,121);
INSERT INTO book (id, title, author_id, publishing_year, publisher_id) VALUES(1483,'The Bluest Eye',331,1959,89);
INSERT INTO book (id, title, author_id, publishing_year, publisher_id) VALUES(1484,'The Silence of the Lambs',224,2004,41);
INSERT INTO book (id, title, author_id, publishing_year, publisher_id) VALUES(1485,'Ender''s Shadow',83,2003,14);
INSERT INTO book (id, title, author_id, publishing_year, publisher_id) VALUES(1486,'The Wide Window',435,1956,16);
INSERT INTO book (id, title, author_id, publishing_year, publisher_id) VALUES(1487,'The English Patient',349,1938,135);
INSERT INTO book (id, title, author_id, publishing_year, publisher_id) VALUES(1488,'The Firm',208,1942,65);
INSERT INTO book (id, title, author_id, publishing_year, publisher_id) VALUES(1489,'Stuart Little',493,1975,65);
INSERT INTO book (id, title, author_id, publishing_year, publisher_id) VALUES(1490,'Starship Troopers',228,1991,107);
INSERT INTO book (id, title, author_id, publishing_year, publisher_id) VALUES(1491,'The Satanic Verses',396,1944,58);
INSERT INTO book (id, title, author_id, publishing_year, publisher_id) VALUES(1492,'Going Postal',373,1934,112);
INSERT INTO book (id, title, author_id, publishing_year, publisher_id) VALUES(1493,'The Elegance of the Hedgehog',39,1935,144);
INSERT INTO book (id, title, author_id, publishing_year, publisher_id) VALUES(1494,'The Complete Fairy Tales of the Brothers Grimm',207,1972,81);
INSERT INTO book (id, title, author_id, publishing_year, publisher_id) VALUES(1495,'The Dragon Reborn',253,1967,23);
INSERT INTO book (id, title, author_id, publishing_year, publisher_id) VALUES(1496,'Ivanhoe',412,1982,101);
INSERT INTO book (id, title, author_id, publishing_year, publisher_id) VALUES(1497,'The Sandman: Preludes and Nocturnes',188,1954,35);
INSERT INTO book (id, title, author_id, publishing_year, publisher_id) VALUES(1498,'City of Ashes',103,1986,94);
INSERT INTO book (id, title, author_id, publishing_year, publisher_id) VALUES(1499,'Alias Grace',32,1972,80);
INSERT INTO book (id, title, author_id, publishing_year, publisher_id) VALUES(1500,'The Last of the Mohicans',118,1942,156);
INSERT INTO book (id, title, author_id, publishing_year, publisher_id) VALUES(1501,'Getting Things Done: The Art of Stress-Free Productivity',23,1963,52);
INSERT INTO book (id, title, author_id, publishing_year, publisher_id) VALUES(1502,'Marley & Me',209,1973,53);
INSERT INTO book (id, title, author_id, publishing_year, publisher_id) VALUES(1503,'Winnie-the-Pooh',321,1964,130);
INSERT INTO book (id, title, author_id, publishing_year, publisher_id) VALUES(1504,'The Diamond Age',446,2002,61);
INSERT INTO book (id, title, author_id, publishing_year, publisher_id) VALUES(1505,'The Complete Sherlock Holmes',145,1950,77);
INSERT INTO book (id, title, author_id, publishing_year, publisher_id) VALUES(1506,'The Complete Tales and Poems of Edgar Allan Poe',369,1982,60);
INSERT INTO book (id, title, author_id, publishing_year, publisher_id) VALUES(1507,'A Swiftly Tilting Planet',283,1990,86);
INSERT INTO book (id, title, author_id, publishing_year, publisher_id) VALUES(1508,'Notes from Underground',144,1971,124);
INSERT INTO book (id, title, author_id, publishing_year, publisher_id) VALUES(1509,'The Ocean at the End of the Lane',188,1972,104);
INSERT INTO book (id, title, author_id, publishing_year, publisher_id) VALUES(1510,'Divine Secrets of the Ya-Ya Sisterhood',488,1943,149);
INSERT INTO book (id, title, author_id, publishing_year, publisher_id) VALUES(1511,'The Green Mile',265,2002,152);
INSERT INTO book (id, title, author_id, publishing_year, publisher_id) VALUES(1512,'Second Foundation',29,1934,24);
INSERT INTO book (id, title, author_id, publishing_year, publisher_id) VALUES(1513,'The Velveteen Rabbit',499,1985,5);
INSERT INTO book (id, title, author_id, publishing_year, publisher_id) VALUES(1514,'Nickel and Dimed: On (Not) Getting By in America',154,1969,85);
INSERT INTO book (id, title, author_id, publishing_year, publisher_id) VALUES(1515,'Cell',265,1930,56);
INSERT INTO book (id, title, author_id, publishing_year, publisher_id) VALUES(1516,'Naked Lunch',74,2001,51);
INSERT INTO book (id, title, author_id, publishing_year, publisher_id) VALUES(1517,'A Room of One''s Own',503,1974,49);
INSERT INTO book (id, title, author_id, publishing_year, publisher_id) VALUES(1518,'Reaper Man',373,2010,106);
INSERT INTO book (id, title, author_id, publishing_year, publisher_id) VALUES(1519,'Voyager',187,1993,106);
INSERT INTO book (id, title, author_id, publishing_year, publisher_id) VALUES(1520,'How to Win Friends and Influence People',85,1952,38);
INSERT INTO book (id, title, author_id, publishing_year, publisher_id) VALUES(1521,'Night Watch',373,1998,85);
INSERT INTO book (id, title, author_id, publishing_year, publisher_id) VALUES(1522,'Saturday',313,1983,146);
INSERT INTO book (id, title, author_id, publishing_year, publisher_id) VALUES(1523,'Death of a Salesman',319,1988,71);
INSERT INTO book (id, title, author_id, publishing_year, publisher_id) VALUES(1524,'Wolves of the Calla',265,1965,44);
INSERT INTO book (id, title, author_id, publishing_year, publisher_id) VALUES(1525,'Corduroy',181,1983,65);
INSERT INTO book (id, title, author_id, publishing_year, publisher_id) VALUES(1526,'The Phantom of the Opera',284,1934,123);
INSERT INTO book (id, title, author_id, publishing_year, publisher_id) VALUES(1527,'Sarah''s Key',390,1967,150);
INSERT INTO book (id, title, author_id, publishing_year, publisher_id) VALUES(1528,'Nineteen Minutes',365,2008,45);
INSERT INTO book (id, title, author_id, publishing_year, publisher_id) VALUES(1529,'Utopia',329,1992,4);
INSERT INTO book (id, title, author_id, publishing_year, publisher_id) VALUES(1530,'The Arctic Incident',112,1959,6);
INSERT INTO book (id, title, author_id, publishing_year, publisher_id) VALUES(1531,'Confessions of a Shopaholic',268,1952,150);
INSERT INTO book (id, title, author_id, publishing_year, publisher_id) VALUES(1532,'Disgrace',111,1955,39);
INSERT INTO book (id, title, author_id, publishing_year, publisher_id) VALUES(1533,'Julius Caesar',423,1992,97);
INSERT INTO book (id, title, author_id, publishing_year, publisher_id) VALUES(1534,'Diary of a Wimpy Kid',267,1982,74);
INSERT INTO book (id, title, author_id, publishing_year, publisher_id) VALUES(1535,'The Pelican Brief',208,2001,92);
INSERT INTO book (id, title, author_id, publishing_year, publisher_id) VALUES(1536,'Jonathan Livingston Seagull',38,1992,106);
INSERT INTO book (id, title, author_id, publishing_year, publisher_id) VALUES(1537,'The Goldfinch',462,1998,98);
INSERT INTO book (id, title, author_id, publishing_year, publisher_id) VALUES(1538,'A Canticle for Leibowitz',255,1931,102);
INSERT INTO book (id, title, author_id, publishing_year, publisher_id) VALUES(1539,'Lamb: The Gospel According to Biff, Christ''s Childhood Pal',328,1954,96);
INSERT INTO book (id, title, author_id, publishing_year, publisher_id) VALUES(1540,'Hogfather',373,1954,152);
INSERT INTO book (id, title, author_id, publishing_year, publisher_id) VALUES(1541,'The Sisterhood of the Traveling Pants',57,1944,93);
INSERT INTO book (id, title, author_id, publishing_year, publisher_id) VALUES(1542,'Brown Bear, Brown Bear, What Do You See?',301,2005,12);
INSERT INTO book (id, title, author_id, publishing_year, publisher_id) VALUES(1543,'The Crying of Lot 49',378,1978,34);
INSERT INTO book (id, title, author_id, publishing_year, publisher_id) VALUES(1544,'The Jungle',429,2001,37);
INSERT INTO book (id, title, author_id, publishing_year, publisher_id) VALUES(1545,'Club Dead',222,1971,18);
INSERT INTO book (id, title, author_id, publishing_year, publisher_id) VALUES(1546,'Assassin''s Apprentice',237,1969,47);
INSERT INTO book (id, title, author_id, publishing_year, publisher_id) VALUES(1547,'The Shadow Rising',253,1963,6);
INSERT INTO book (id, title, author_id, publishing_year, publisher_id) VALUES(1548,'The Snowy Day',259,1943,114);
INSERT INTO book (id, title, author_id, publishing_year, publisher_id) VALUES(1549,'I Know This Much is True',278,1959,16);
INSERT INTO book (id, title, author_id, publishing_year, publisher_id) VALUES(1550,'Thirteen Reasons Why',28,1990,150);
INSERT INTO book (id, title, author_id, publishing_year, publisher_id) VALUES(1551,'Heidi',443,2007,62);
INSERT INTO book (id, title, author_id, publishing_year, publisher_id) VALUES(1552,'The Neverending Story',158,1985,101);
INSERT INTO book (id, title, author_id, publishing_year, publisher_id) VALUES(1553,'Sourcery',373,1943,79);
INSERT INTO book (id, title, author_id, publishing_year, publisher_id) VALUES(1554,'11/22/63: A Novel',265,1974,55);
INSERT INTO book (id, title, author_id, publishing_year, publisher_id) VALUES(1555,'Pyramids',373,1966,82);
INSERT INTO book (id, title, author_id, publishing_year, publisher_id) VALUES(1556,'The Portrait of a Lady',250,1932,27);
INSERT INTO book (id, title, author_id, publishing_year, publisher_id) VALUES(1557,'Anne of Avonlea',326,1992,92);
INSERT INTO book (id, title, author_id, publishing_year, publisher_id) VALUES(1558,'The Hunt for Red October',102,2006,9);
INSERT INTO book (id, title, author_id, publishing_year, publisher_id) VALUES(1559,'A Light in the Attic',427,1949,148);
INSERT INTO book (id, title, author_id, publishing_year, publisher_id) VALUES(1560,'A Room with a View',176,1991,19);
INSERT INTO book (id, title, author_id, publishing_year, publisher_id) VALUES(1561,'Gilead: A Novel',389,1936,20);
INSERT INTO book (id, title, author_id, publishing_year, publisher_id) VALUES(1562,'The Complete Harry Potter Collection (Books 1-7)',394,1990,72);
INSERT INTO book (id, title, author_id, publishing_year, publisher_id) VALUES(1563,'White Noise',134,1967,95);
INSERT INTO book (id, title, author_id, publishing_year, publisher_id) VALUES(1564,'About a Boy',241,1939,142);
INSERT INTO book (id, title, author_id, publishing_year, publisher_id) VALUES(1565,'Chicka Chicka Boom Boom',301,1974,54);
INSERT INTO book (id, title, author_id, publishing_year, publisher_id) VALUES(1566,'The Man Who Mistook His Wife for a Hat and Other Clinical Tales',401,1938,28);
INSERT INTO book (id, title, author_id, publishing_year, publisher_id) VALUES(1567,'Stranger in a Strange Land',228,1999,131);
INSERT INTO book (id, title, author_id, publishing_year, publisher_id) VALUES(1568,'The Absolutely True Diary of a Part-Time Indian',21,1932,40);
INSERT INTO book (id, title, author_id, publishing_year, publisher_id) VALUES(1569,'Smoke and Mirrors: Short Fictions and Illusions',188,1968,18);
INSERT INTO book (id, title, author_id, publishing_year, publisher_id) VALUES(1570,'The Yiddish Policemen''s Union',92,1966,17);
INSERT INTO book (id, title, author_id, publishing_year, publisher_id) VALUES(1571,'No Country for Old Men',308,1946,87);
INSERT INTO book (id, title, author_id, publishing_year, publisher_id) VALUES(1572,'Gravity''s Rainbow',378,1955,74);
INSERT INTO book (id, title, author_id, publishing_year, publisher_id) VALUES(1573,'The Selfish Gene',132,1988,129);
INSERT INTO book (id, title, author_id, publishing_year, publisher_id) VALUES(1574,'Under The Dome',265,1966,157);
INSERT INTO book (id, title, author_id, publishing_year, publisher_id) VALUES(1575,'Bag of Bones',265,1986,151);
INSERT INTO book (id, title, author_id, publishing_year, publisher_id) VALUES(1576,'The Client',208,1965,58);
INSERT INTO book (id, title, author_id, publishing_year, publisher_id) VALUES(1577,'A Million Little Pieces',183,1963,40);
INSERT INTO book (id, title, author_id, publishing_year, publisher_id) VALUES(1578,'A Connecticut Yankee in King Arthur''s Court',473,1932,135);
INSERT INTO book (id, title, author_id, publishing_year, publisher_id) VALUES(1579,'Anthem',379,1985,110);
INSERT INTO book (id, title, author_id, publishing_year, publisher_id) VALUES(1580,'Pride and Prejudice and Zombies',202,1936,24);
INSERT INTO book (id, title, author_id, publishing_year, publisher_id) VALUES(1581,'The Dark Tower',265,1977,28);
INSERT INTO book (id, title, author_id, publishing_year, publisher_id) VALUES(1582,'The Miserable Mill',435,1978,65);
INSERT INTO book (id, title, author_id, publishing_year, publisher_id) VALUES(1583,'Dead to the World',222,1967,95);
INSERT INTO book (id, title, author_id, publishing_year, publisher_id) VALUES(1584,'Wizard''s First Rule',199,1955,88);
INSERT INTO book (id, title, author_id, publishing_year, publisher_id) VALUES(1585,'The Heart Is a Lonely Hunter',311,1959,5);
INSERT INTO book (id, title, author_id, publishing_year, publisher_id) VALUES(1586,'Far from the Madding Crowd',220,1983,21);
INSERT INTO book (id, title, author_id, publishing_year, publisher_id) VALUES(1587,'A Great and Terrible Beauty',58,1938,76);
INSERT INTO book (id, title, author_id, publishing_year, publisher_id) VALUES(1588,'Silas Marner',155,2007,155);
INSERT INTO book (id, title, author_id, publishing_year, publisher_id) VALUES(1589,'Song Of Susannah',265,1935,47);
INSERT INTO book (id, title, author_id, publishing_year, publisher_id) VALUES(1590,'The Wee Free Men',373,2008,84);
INSERT INTO book (id, title, author_id, publishing_year, publisher_id) VALUES(1591,'Stiff: The Curious Lives of Human Cadavers',387,2001,92);
INSERT INTO book (id, title, author_id, publishing_year, publisher_id) VALUES(1592,'City of Glass',103,1948,39);
INSERT INTO book (id, title, author_id, publishing_year, publisher_id) VALUES(1593,'Thud!',373,1945,139);
INSERT INTO book (id, title, author_id, publishing_year, publisher_id) VALUES(1594,'The Fires of Heaven',253,1976,94);
INSERT INTO book (id, title, author_id, publishing_year, publisher_id) VALUES(1595,'Oh, the Places You''ll Go!',419,1944,37);
INSERT INTO book (id, title, author_id, publishing_year, publisher_id) VALUES(1596,'The Importance of Being Earnest',497,1940,105);
INSERT INTO book (id, title, author_id, publishing_year, publisher_id) VALUES(1597,'The Godfather',377,1988,15);
INSERT INTO book (id, title, author_id, publishing_year, publisher_id) VALUES(1598,'The Merchant of Venice',423,1965,41);
INSERT INTO book (id, title, author_id, publishing_year, publisher_id) VALUES(1599,'Quidditch Through the Ages',492,1972,71);
INSERT INTO book (id, title, author_id, publishing_year, publisher_id) VALUES(1600,'Doctor Zhivago',355,1941,88);
INSERT INTO book (id, title, author_id, publishing_year, publisher_id) VALUES(1601,'The Great Divorce',287,2005,1);
INSERT INTO book (id, title, author_id, publishing_year, publisher_id) VALUES(1602,'The Westing Game',380,1942,137);
INSERT INTO book (id, title, author_id, publishing_year, publisher_id) VALUES(1603,'White Fang',290,1947,139);
INSERT INTO book (id, title, author_id, publishing_year, publisher_id) VALUES(1604,'Suite Française',337,1997,10);
INSERT INTO book (id, title, author_id, publishing_year, publisher_id) VALUES(1605,'The Eternity Code',112,1967,145);
INSERT INTO book (id, title, author_id, publishing_year, publisher_id) VALUES(1606,'The Bean Trees',266,2007,4);
INSERT INTO book (id, title, author_id, publishing_year, publisher_id) VALUES(1607,'Hard Times',140,1935,154);
INSERT INTO book (id, title, author_id, publishing_year, publisher_id) VALUES(1608,'The Moonstone',115,1972,70);
INSERT INTO book (id, title, author_id, publishing_year, publisher_id) VALUES(1609,'Something Wicked This Way Comes',54,1944,31);
INSERT INTO book (id, title, author_id, publishing_year, publisher_id) VALUES(1610,'All the Pretty Horses',308,2008,77);
INSERT INTO book (id, title, author_id, publishing_year, publisher_id) VALUES(1611,'Redwall',248,1978,123);
INSERT INTO book (id, title, author_id, publishing_year, publisher_id) VALUES(1612,'Men at Arms',373,1994,105);
INSERT INTO book (id, title, author_id, publishing_year, publisher_id) VALUES(1613,'Sabriel',341,1996,49);
INSERT INTO book (id, title, author_id, publishing_year, publisher_id) VALUES(1614,'The Runaway Jury',208,1989,57);
INSERT INTO book (id, title, author_id, publishing_year, publisher_id) VALUES(1615,'Drums of Autumn',187,1958,1);
INSERT INTO book (id, title, author_id, publishing_year, publisher_id) VALUES(1616,'Lord of Chaos',253,1986,140);
INSERT INTO book (id, title, author_id, publishing_year, publisher_id) VALUES(1617,'People of the Book',61,1963,93);
INSERT INTO book (id, title, author_id, publishing_year, publisher_id) VALUES(1618,'Unbroken: A World War II Story of Survival, Resilience, and Redemption',234,1941,32);
INSERT INTO book (id, title, author_id, publishing_year, publisher_id) VALUES(1619,'Soul Music',373,1954,28);
INSERT INTO book (id, title, author_id, publishing_year, publisher_id) VALUES(1620,'The Rainmaker',208,1962,25);
INSERT INTO book (id, title, author_id, publishing_year, publisher_id) VALUES(1621,'Blood Meridian: Or the Evening Redness in the West',308,1984,80);
INSERT INTO book (id, title, author_id, publishing_year, publisher_id) VALUES(1622,'Hyperion',428,1989,51);
INSERT INTO book (id, title, author_id, publishing_year, publisher_id) VALUES(1623,'Swann''s Way',375,1961,50);
INSERT INTO book (id, title, author_id, publishing_year, publisher_id) VALUES(1624,'Needful Things',265,1935,105);
INSERT INTO book (id, title, author_id, publishing_year, publisher_id) VALUES(1625,'The Testament',208,2004,82);
INSERT INTO book (id, title, author_id, publishing_year, publisher_id) VALUES(1626,'V for Vendetta',327,1963,115);
INSERT INTO book (id, title, author_id, publishing_year, publisher_id) VALUES(1627,'The Sirens of Titan',478,1989,35);
INSERT INTO book (id, title, author_id, publishing_year, publisher_id) VALUES(1628,'Notes from a Small Island',67,1981,22);
INSERT INTO book (id, title, author_id, publishing_year, publisher_id) VALUES(1629,'Lost in a Good Book',165,1939,109);
INSERT INTO book (id, title, author_id, publishing_year, publisher_id) VALUES(1630,'Insomnia',265,1983,81);
INSERT INTO book (id, title, author_id, publishing_year, publisher_id) VALUES(1631,'The Moon is a Harsh Mistress',228,1981,63);
INSERT INTO book (id, title, author_id, publishing_year, publisher_id) VALUES(1632,'Inkspell',185,2000,103);
INSERT INTO book (id, title, author_id, publishing_year, publisher_id) VALUES(1633,'The Histories',5,1933,87);
INSERT INTO book (id, title, author_id, publishing_year, publisher_id) VALUES(1634,'Howl''s Moving Castle',252,2003,46);
INSERT INTO book (id, title, author_id, publishing_year, publisher_id) VALUES(1635,'The Austere Academy',435,1988,87);
INSERT INTO book (id, title, author_id, publishing_year, publisher_id) VALUES(1636,'An Abundance of Katherines',204,1958,83);
INSERT INTO book (id, title, author_id, publishing_year, publisher_id) VALUES(1637,'Song of Solomon',331,1957,12);
INSERT INTO book (id, title, author_id, publishing_year, publisher_id) VALUES(1638,'Out of the Silent Planet',287,1941,106);
INSERT INTO book (id, title, author_id, publishing_year, publisher_id) VALUES(1639,'The Eyes of the Dragon',265,1986,27);
INSERT INTO book (id, title, author_id, publishing_year, publisher_id) VALUES(1640,'Jude the Obscure',220,1996,144);
INSERT INTO book (id, title, author_id, publishing_year, publisher_id) VALUES(1641,'The Fifth Elephant',373,1961,37);
INSERT INTO book (id, title, author_id, publishing_year, publisher_id) VALUES(1642,'The New York Trilogy',36,1968,103);
INSERT INTO book (id, title, author_id, publishing_year, publisher_id) VALUES(1643,'Witches Abroad',373,1963,96);
INSERT INTO book (id, title, author_id, publishing_year, publisher_id) VALUES(1644,'Thief of Time',373,1981,74);
INSERT INTO book (id, title, author_id, publishing_year, publisher_id) VALUES(1645,'The Tale of Peter Rabbit',372,1960,26);
INSERT INTO book (id, title, author_id, publishing_year, publisher_id) VALUES(1646,'Feet of Clay',373,1978,74);
INSERT INTO book (id, title, author_id, publishing_year, publisher_id) VALUES(1647,'Meditations',34,1979,147);
INSERT INTO book (id, title, author_id, publishing_year, publisher_id) VALUES(1648,'God Emperor of Dune',231,1934,5);
INSERT INTO book (id, title, author_id, publishing_year, publisher_id) VALUES(1649,'The Children of Húrin',467,1948,17);
INSERT INTO book (id, title, author_id, publishing_year, publisher_id) VALUES(1650,'The Red Badge of Courage',121,1957,59);
INSERT INTO book (id, title, author_id, publishing_year, publisher_id) VALUES(1651,'Fifty Shades of Grey',249,2007,154);
INSERT INTO book (id, title, author_id, publishing_year, publisher_id) VALUES(1652,'On Beauty',434,1956,13);
INSERT INTO book (id, title, author_id, publishing_year, publisher_id) VALUES(1653,'Prey',123,1950,145);
INSERT INTO book (id, title, author_id, publishing_year, publisher_id) VALUES(1654,'Dead As a Doornail',222,1984,152);
INSERT INTO book (id, title, author_id, publishing_year, publisher_id) VALUES(1655,'A Crown of Swords',253,1987,56);
INSERT INTO book (id, title, author_id, publishing_year, publisher_id) VALUES(1656,'The Bourne Identity',292,1952,83);
INSERT INTO book (id, title, author_id, publishing_year, publisher_id) VALUES(1657,'The Lost World',123,1974,17);
INSERT INTO book (id, title, author_id, publishing_year, publisher_id) VALUES(1658,'The Year of Magical Thinking',141,1939,36);
INSERT INTO book (id, title, author_id, publishing_year, publisher_id) VALUES(1659,'Fragile Things: Short Fictions and Wonders',188,1945,114);
INSERT INTO book (id, title, author_id, publishing_year, publisher_id) VALUES(1660,'Twelfth Night',423,1948,14);
INSERT INTO book (id, title, author_id, publishing_year, publisher_id) VALUES(1661,'Fool Moon',75,1996,102);
INSERT INTO book (id, title, author_id, publishing_year, publisher_id) VALUES(1662,'The History of Love',275,1935,128);
INSERT INTO book (id, title, author_id, publishing_year, publisher_id) VALUES(1663,'The Invisible Man',487,1987,99);
INSERT INTO book (id, title, author_id, publishing_year, publisher_id) VALUES(1664,'Orlando',503,1982,35);
INSERT INTO book (id, title, author_id, publishing_year, publisher_id) VALUES(1665,'Lords and Ladies',373,1961,132);
INSERT INTO book (id, title, author_id, publishing_year, publisher_id) VALUES(1666,'Graceling',89,1976,148);
INSERT INTO book (id, title, author_id, publishing_year, publisher_id) VALUES(1667,'The City of Ember',147,1937,54);
INSERT INTO book (id, title, author_id, publishing_year, publisher_id) VALUES(1668,'Definitely Dead',222,1947,21);
INSERT INTO book (id, title, author_id, publishing_year, publisher_id) VALUES(1669,'The Witching Hour',384,1981,50);
INSERT INTO book (id, title, author_id, publishing_year, publisher_id) VALUES(1670,'Stargirl',442,1946,53);
INSERT INTO book (id, title, author_id, publishing_year, publisher_id) VALUES(1671,'Maus I: A Survivor''s Tale: My Father Bleeds History',441,1949,113);
INSERT INTO book (id, title, author_id, publishing_year, publisher_id) VALUES(1672,'A Walk to Remember',439,1964,23);
INSERT INTO book (id, title, author_id, publishing_year, publisher_id) VALUES(1673,'Quicksilver',446,1934,25);
INSERT INTO book (id, title, author_id, publishing_year, publisher_id) VALUES(1674,'The Witch of Blackbird Pond',440,1933,62);
INSERT INTO book (id, title, author_id, publishing_year, publisher_id) VALUES(1675,'Sphere',123,1932,135);
INSERT INTO book (id, title, author_id, publishing_year, publisher_id) VALUES(1676,'Hard-Boiled Wonderland and the End of the World',334,1998,45);
INSERT INTO book (id, title, author_id, publishing_year, publisher_id) VALUES(1677,'The White Tiger',18,1956,103);
INSERT INTO book (id, title, author_id, publishing_year, publisher_id) VALUES(1678,'Much Ado About Nothing',423,1991,11);
INSERT INTO book (id, title, author_id, publishing_year, publisher_id) VALUES(1679,'The Talisman',265,1949,107);
INSERT INTO book (id, title, author_id, publishing_year, publisher_id) VALUES(1680,'Cannery Row',445,1984,89);
INSERT INTO book (id, title, author_id, publishing_year, publisher_id) VALUES(1681,'The Andromeda Strain',123,1944,149);
INSERT INTO book (id, title, author_id, publishing_year, publisher_id) VALUES(1682,'A Long Way Down',241,1983,101);
INSERT INTO book (id, title, author_id, publishing_year, publisher_id) VALUES(1683,'Moving Pictures',373,1984,118);
INSERT INTO book (id, title, author_id, publishing_year, publisher_id) VALUES(1684,'Sons and Lovers',281,1964,25);
INSERT INTO book (id, title, author_id, publishing_year, publisher_id) VALUES(1685,'The Big Sleep',93,2009,125);
INSERT INTO book (id, title, author_id, publishing_year, publisher_id) VALUES(1686,'The Metamorphosis',257,1939,19);
INSERT INTO book (id, title, author_id, publishing_year, publisher_id) VALUES(1687,'Dr. Seuss''s ABC',419,1954,70);
INSERT INTO book (id, title, author_id, publishing_year, publisher_id) VALUES(1688,'Prodigal Summer',266,1970,36);
INSERT INTO book (id, title, author_id, publishing_year, publisher_id) VALUES(1689,'The Invention of Hugo Cabret',416,1960,130);
INSERT INTO book (id, title, author_id, publishing_year, publisher_id) VALUES(1690,'Are You My Mother?',148,1986,54);
INSERT INTO book (id, title, author_id, publishing_year, publisher_id) VALUES(1691,'Ringworld',340,1983,71);
INSERT INTO book (id, title, author_id, publishing_year, publisher_id) VALUES(1692,'Breakfast at Tiffany''s: A Short Novel and Three Stories',82,1984,106);
INSERT INTO book (id, title, author_id, publishing_year, publisher_id) VALUES(1693,'The House of Mirth',491,1998,76);
INSERT INTO book (id, title, author_id, publishing_year, publisher_id) VALUES(1694,'Red Dragon',224,1985,150);
INSERT INTO book (id, title, author_id, publishing_year, publisher_id) VALUES(1695,'Freedom',179,1939,116);
INSERT INTO book (id, title, author_id, publishing_year, publisher_id) VALUES(1696,'The Oresteia: Agamemnon / The Libation Bearers / The Eumenides',1,2004,87);
INSERT INTO book (id, title, author_id, publishing_year, publisher_id) VALUES(1697,'Hannibal',224,1944,10);
INSERT INTO book (id, title, author_id, publishing_year, publisher_id) VALUES(1698,'Kitchen Confidential: Adventures in the Culinary Underbelly',52,1974,33);
INSERT INTO book (id, title, author_id, publishing_year, publisher_id) VALUES(1699,'Childhood''s End',104,2003,36);
INSERT INTO book (id, title, author_id, publishing_year, publisher_id) VALUES(1700,'The Partner',208,1955,36);
INSERT INTO book (id, title, author_id, publishing_year, publisher_id) VALUES(1701,'Cat''s Eye',32,1974,62);
INSERT INTO book (id, title, author_id, publishing_year, publisher_id) VALUES(1702,'Survivor',353,1988,103);
INSERT INTO book (id, title, author_id, publishing_year, publisher_id) VALUES(1703,'The Path of Daggers',253,1948,152);
INSERT INTO book (id, title, author_id, publishing_year, publisher_id) VALUES(1704,'Kidnapped',447,1974,6);
INSERT INTO book (id, title, author_id, publishing_year, publisher_id) VALUES(1705,'Perdido Street Station',318,1937,118);
INSERT INTO book (id, title, author_id, publishing_year, publisher_id) VALUES(1706,'Allegiant',392,1936,152);
INSERT INTO book (id, title, author_id, publishing_year, publisher_id) VALUES(1707,'Cutting for Stone',475,1965,5);
INSERT INTO book (id, title, author_id, publishing_year, publisher_id) VALUES(1708,'Nausea',407,1985,105);
INSERT INTO book (id, title, author_id, publishing_year, publisher_id) VALUES(1709,'Pattern Recognition',192,2000,104);
INSERT INTO book (id, title, author_id, publishing_year, publisher_id) VALUES(1710,'Ethan Frome',491,1948,138);
INSERT INTO book (id, title, author_id, publishing_year, publisher_id) VALUES(1711,'When You Are Engulfed in Flames',414,1972,8);
INSERT INTO book (id, title, author_id, publishing_year, publisher_id) VALUES(1712,'Monstrous Regiment',373,1948,4);
INSERT INTO book (id, title, author_id, publishing_year, publisher_id) VALUES(1713,'Wonder',352,1999,120);
INSERT INTO book (id, title, author_id, publishing_year, publisher_id) VALUES(1714,'A Fine Balance',323,1979,109);
INSERT INTO book (id, title, author_id, publishing_year, publisher_id) VALUES(1715,'The True Story of the Three Little Pigs',411,1970,85);
INSERT INTO book (id, title, author_id, publishing_year, publisher_id) VALUES(1716,'Foundation''s Edge',29,1930,11);
INSERT INTO book (id, title, author_id, publishing_year, publisher_id) VALUES(1717,'Empire Falls',397,1941,13);
INSERT INTO book (id, title, author_id, publishing_year, publisher_id) VALUES(1718,'The Dead Zone',265,1949,30);
INSERT INTO book (id, title, author_id, publishing_year, publisher_id) VALUES(1719,'Surely You''re Joking, Mr. Feynman!: Adventures of a Curious Character',164,1990,114);
INSERT INTO book (id, title, author_id, publishing_year, publisher_id) VALUES(1720,'Jingo',373,1991,153);
INSERT INTO book (id, title, author_id, publishing_year, publisher_id) VALUES(1721,'Carpe Jugulum',373,1978,126);
INSERT INTO book (id, title, author_id, publishing_year, publisher_id) VALUES(1722,'The Ersatz Elevator',435,1993,79);
INSERT INTO book (id, title, author_id, publishing_year, publisher_id) VALUES(1723,'Roll of Thunder, Hear My Cry',463,1964,125);
INSERT INTO book (id, title, author_id, publishing_year, publisher_id) VALUES(1724,'In a Sunburned Country',67,2001,114);
INSERT INTO book (id, title, author_id, publishing_year, publisher_id) VALUES(1725,'Rendezvous With Rama',104,1972,72);
INSERT INTO book (id, title, author_id, publishing_year, publisher_id) VALUES(1726,'Marked',90,1964,114);
INSERT INTO book (id, title, author_id, publishing_year, publisher_id) VALUES(1727,'Flatland: A Romance of Many Dimensions',14,1992,83);
INSERT INTO book (id, title, author_id, publishing_year, publisher_id) VALUES(1728,'The Audacity of Hope: Thoughts on Reclaiming the American Dream',344,1989,56);
INSERT INTO book (id, title, author_id, publishing_year, publisher_id) VALUES(1729,'Tales of a Fourth Grade Nothing',48,1982,130);
INSERT INTO book (id, title, author_id, publishing_year, publisher_id) VALUES(1730,'Mrs. Frisby and the Rats of NIMH',346,1980,54);
INSERT INTO book (id, title, author_id, publishing_year, publisher_id) VALUES(1732,'A Painted House',208,1962,74);
INSERT INTO book (id, title, author_id, publishing_year, publisher_id) VALUES(1733,'The Fiery Cross',187,1949,43);
INSERT INTO book (id, title, author_id, publishing_year, publisher_id) VALUES(1734,'The Street Lawyer',208,1935,156);
INSERT INTO book (id, title, author_id, publishing_year, publisher_id) VALUES(1735,'Sarah, Plain and Tall',295,1995,136);
INSERT INTO book (id, title, author_id, publishing_year, publisher_id) VALUES(1736,'Maskerade',373,2003,68);
INSERT INTO book (id, title, author_id, publishing_year, publisher_id) VALUES(1737,'Dreams from My Father: A Story of Race and Inheritance',344,1938,133);
INSERT INTO book (id, title, author_id, publishing_year, publisher_id) VALUES(1738,'Leaves of Grass',495,1965,65);
INSERT INTO book (id, title, author_id, publishing_year, publisher_id) VALUES(1739,'The Last Lecture',361,1987,20);
INSERT INTO book (id, title, author_id, publishing_year, publisher_id) VALUES(1740,'The Art of Racing in the Rain',444,1997,148);
INSERT INTO book (id, title, author_id, publishing_year, publisher_id) VALUES(1741,'Pretties',490,1980,79);
INSERT INTO book (id, title, author_id, publishing_year, publisher_id) VALUES(1742,'The Alienist',86,1999,112);
INSERT INTO book (id, title, author_id, publishing_year, publisher_id) VALUES(1743,'Bridget Jones: The Edge of Reason',166,1934,86);
INSERT INTO book (id, title, author_id, publishing_year, publisher_id) VALUES(1744,'Guilty Pleasures',218,1965,39);
INSERT INTO book (id, title, author_id, publishing_year, publisher_id) VALUES(1745,'The Awakening',99,1949,77);
INSERT INTO book (id, title, author_id, publishing_year, publisher_id) VALUES(1746,'Unfinished Tales of Númenor and Middle-earth',467,1991,9);
INSERT INTO book (id, title, author_id, publishing_year, publisher_id) VALUES(1747,'The House on Mango Street',101,1974,73);
INSERT INTO book (id, title, author_id, publishing_year, publisher_id) VALUES(1748,'Desperation',265,1980,51);
INSERT INTO book (id, title, author_id, publishing_year, publisher_id) VALUES(1749,'Stranger in a Strange Land (Uncut Edition)',228,1990,42);
INSERT INTO book (id, title, author_id, publishing_year, publisher_id) VALUES(1750,'Winter''s Heart',253,1978,84);
INSERT INTO book (id, title, author_id, publishing_year, publisher_id) VALUES(1751,'Team of Rivals: The Political Genius of Abraham Lincoln',200,1984,48);
INSERT INTO book (id, title, author_id, publishing_year, publisher_id) VALUES(1752,'On the Banks of Plum Creek',498,2003,80);
INSERT INTO book (id, title, author_id, publishing_year, publisher_id) VALUES(1753,'Everything''s Eventual: 14 Dark Tales',265,1991,72);
INSERT INTO book (id, title, author_id, publishing_year, publisher_id) VALUES(1754,'All Together Dead',222,1970,132);
INSERT INTO book (id, title, author_id, publishing_year, publisher_id) VALUES(1755,'Persepolis: The Story of a Childhood',408,1988,5);
INSERT INTO book (id, title, author_id, publishing_year, publisher_id) VALUES(1756,'The Dispossessed',212,1954,106);
INSERT INTO book (id, title, author_id, publishing_year, publisher_id) VALUES(1757,'A Widow for One Year',246,1972,100);
INSERT INTO book (id, title, author_id, publishing_year, publisher_id) VALUES(1758,'Anne of the Island',326,1933,63);
INSERT INTO book (id, title, author_id, publishing_year, publisher_id) VALUES(1759,'I Capture the Castle',433,1954,18);
INSERT INTO book (id, title, author_id, publishing_year, publisher_id) VALUES(1760,'The Brethren',208,1937,13);
INSERT INTO book (id, title, author_id, publishing_year, publisher_id) VALUES(1761,'Olive Kitteridge',456,1981,129);
INSERT INTO book (id, title, author_id, publishing_year, publisher_id) VALUES(1762,'Cry, the Beloved Country',358,1986,16);
INSERT INTO book (id, title, author_id, publishing_year, publisher_id) VALUES(1763,'The Broker',208,1947,5);
INSERT INTO book (id, title, author_id, publishing_year, publisher_id) VALUES(1764,'The Bonfire of the Vanities',502,1970,62);
INSERT INTO book (id, title, author_id, publishing_year, publisher_id) VALUES(1765,'Light in August',162,1930,56);
INSERT INTO book (id, title, author_id, publishing_year, publisher_id) VALUES(1766,'My Side of the Mountain',190,1950,141);
INSERT INTO book (id, title, author_id, publishing_year, publisher_id) VALUES(1767,'Cujo',265,1949,7);
INSERT INTO book (id, title, author_id, publishing_year, publisher_id) VALUES(1768,'Nicomachean Ethics',3,1949,36);
INSERT INTO book (id, title, author_id, publishing_year, publisher_id) VALUES(1769,'The Hostile Hospital',435,1955,2);
INSERT INTO book (id, title, author_id, publishing_year, publisher_id) VALUES(1770,'The Elegant Universe: Superstrings, Hidden Dimensions, and the Quest for the Ultimate Theory',205,1974,70);
INSERT INTO book (id, title, author_id, publishing_year, publisher_id) VALUES(1771,'The Tale of the Body Thief',384,1973,137);
INSERT INTO book (id, title, author_id, publishing_year, publisher_id) VALUES(1772,'The Name of the Rose: including the Author''s Postscript',149,1933,77);
INSERT INTO book (id, title, author_id, publishing_year, publisher_id) VALUES(1773,'Lullaby',353,1959,43);
INSERT INTO book (id, title, author_id, publishing_year, publisher_id) VALUES(1774,'The Story of Edgar Sawtelle',504,1938,34);
INSERT INTO book (id, title, author_id, publishing_year, publisher_id) VALUES(1775,'Children of the Mind',83,1974,11);
INSERT INTO book (id, title, author_id, publishing_year, publisher_id) VALUES(1776,'Quiet: The Power of Introverts in a World That Can''t Stop Talking',77,1950,10);
INSERT INTO book (id, title, author_id, publishing_year, publisher_id) VALUES(1777,'Love You Forever',333,1943,20);
INSERT INTO book (id, title, author_id, publishing_year, publisher_id) VALUES(1778,'The Nanny Diaries',314,1993,123);
INSERT INTO book (id, title, author_id, publishing_year, publisher_id) VALUES(1779,'On Chesil Beach',313,1976,134);
INSERT INTO book (id, title, author_id, publishing_year, publisher_id) VALUES(1780,'Confessions of an Ugly Stepsister',296,1974,143);
INSERT INTO book (id, title, author_id, publishing_year, publisher_id) VALUES(1781,'The Pact',365,1973,57);
INSERT INTO book (id, title, author_id, publishing_year, publisher_id) VALUES(1782,'The Decameron',49,1997,78);
INSERT INTO book (id, title, author_id, publishing_year, publisher_id) VALUES(1783,'This Side of Paradise',169,1947,4);
INSERT INTO book (id, title, author_id, publishing_year, publisher_id) VALUES(1784,'The Plot Against America',391,1953,86);
INSERT INTO book (id, title, author_id, publishing_year, publisher_id) VALUES(1785,'Dreamcatcher',265,1938,45);
INSERT INTO book (id, title, author_id, publishing_year, publisher_id) VALUES(1786,'The Trumpet of the Swan',493,1989,5);
INSERT INTO book (id, title, author_id, publishing_year, publisher_id) VALUES(1787,'In the Woods',182,1988,133);
INSERT INTO book (id, title, author_id, publishing_year, publisher_id) VALUES(1789,'Master and Commander',345,1939,71);
INSERT INTO book (id, title, author_id, publishing_year, publisher_id) VALUES(1790,'Firestarter',265,1939,152);
INSERT INTO book (id, title, author_id, publishing_year, publisher_id) VALUES(1791,'The Lost Hero',386,1996,13);
INSERT INTO book (id, title, author_id, publishing_year, publisher_id) VALUES(1792,'Inferno',64,1988,135);
INSERT INTO book (id, title, author_id, publishing_year, publisher_id) VALUES(1793,'Two for the Dough',161,1975,60);
INSERT INTO book (id, title, author_id, publishing_year, publisher_id) VALUES(1794,'Year of Wonders',61,1943,128);
INSERT INTO book (id, title, author_id, publishing_year, publisher_id) VALUES(1795,'Charlie and the Great Glass Elevator',128,1988,126);
INSERT INTO book (id, title, author_id, publishing_year, publisher_id) VALUES(1796,'The Casual Vacancy',394,1960,110);
INSERT INTO book (id, title, author_id, publishing_year, publisher_id) VALUES(1797,'I, Claudius',203,1970,14);
INSERT INTO book (id, title, author_id, publishing_year, publisher_id) VALUES(1798,'The Red and the Black',10,1998,83);
INSERT INTO book (id, title, author_id, publishing_year, publisher_id) VALUES(1799,'The Opal Deception',112,1938,95);
INSERT INTO book (id, title, author_id, publishing_year, publisher_id) VALUES(1800,'The Passage',125,1978,93);
INSERT INTO book (id, title, author_id, publishing_year, publisher_id) VALUES(1801,'The Federalist Papers',216,1998,70);
INSERT INTO book (id, title, author_id, publishing_year, publisher_id) VALUES(1802,'A Moveable Feast',230,2006,148);
INSERT INTO book (id, title, author_id, publishing_year, publisher_id) VALUES(1803,'The Magicians: A Novel',210,1952,33);
INSERT INTO book (id, title, author_id, publishing_year, publisher_id) VALUES(1804,'The Forever War',215,1940,43);
INSERT INTO book (id, title, author_id, publishing_year, publisher_id) VALUES(1805,'The Rule of Four',78,2000,141);
INSERT INTO book (id, title, author_id, publishing_year, publisher_id) VALUES(1806,'Beyond Good and Evil: Prelude to a Philosophy of the Future',338,1984,29);
INSERT INTO book (id, title, author_id, publishing_year, publisher_id) VALUES(1807,'The Tommyknockers',265,1930,34);
INSERT INTO book (id, title, author_id, publishing_year, publisher_id) VALUES(1808,'The Well of Lost Plots',165,1985,34);
INSERT INTO book (id, title, author_id, publishing_year, publisher_id) VALUES(1809,'Dragonflight',307,1972,114);
INSERT INTO book (id, title, author_id, publishing_year, publisher_id) VALUES(1810,'The Magic Mountain',297,1971,52);
INSERT INTO book (id, title, author_id, publishing_year, publisher_id) VALUES(1811,'Chronicle of a Death Foretold',299,1996,90);
INSERT INTO book (id, title, author_id, publishing_year, publisher_id) VALUES(1812,'Under the Banner of Heaven: A Story of Violent Faith',274,1998,102);
INSERT INTO book (id, title, author_id, publishing_year, publisher_id) VALUES(1813,'Odd Thomas',272,1940,99);
INSERT INTO book (id, title, author_id, publishing_year, publisher_id) VALUES(1814,'Daughter of Fortune',24,1951,125);
INSERT INTO book (id, title, author_id, publishing_year, publisher_id) VALUES(1815,'The Maltese Falcon',219,1995,154);
INSERT INTO book (id, title, author_id, publishing_year, publisher_id) VALUES(1816,'The Girl Who Loved Tom Gordon',265,1937,138);
INSERT INTO book (id, title, author_id, publishing_year, publisher_id) VALUES(1817,'The Imitation of Christ',260,1972,70);
INSERT INTO book (id, title, author_id, publishing_year, publisher_id) VALUES(1818,'The Jungle Book',269,1987,73);
INSERT INTO book (id, title, author_id, publishing_year, publisher_id) VALUES(1819,'Howards End',176,2007,25);
INSERT INTO book (id, title, author_id, publishing_year, publisher_id) VALUES(1820,'Guess How Much I Love You',306,1973,83);
INSERT INTO book (id, title, author_id, publishing_year, publisher_id) VALUES(1821,'Crossroads of Twilight',253,1993,124);
INSERT INTO book (id, title, author_id, publishing_year, publisher_id) VALUES(1822,'The Chamber',208,1992,41);
INSERT INTO book (id, title, author_id, publishing_year, publisher_id) VALUES(1823,'The Amulet of Samarkand',455,2004,117);
INSERT INTO book (id, title, author_id, publishing_year, publisher_id) VALUES(1824,'Invisible Monsters',353,1965,110);
INSERT INTO book (id, title, author_id, publishing_year, publisher_id) VALUES(1825,'Tropic of Cancer',320,1945,116);
INSERT INTO book (id, title, author_id, publishing_year, publisher_id) VALUES(1826,'Longitude: The True Story of a Lone Genius Who Solved the Greatest Scientific Problem of His Time',436,1981,104);
INSERT INTO book (id, title, author_id, publishing_year, publisher_id) VALUES(1827,'Son of a Witch',296,1981,129);
INSERT INTO book (id, title, author_id, publishing_year, publisher_id) VALUES(1828,'State of Fear',123,1981,98);
INSERT INTO book (id, title, author_id, publishing_year, publisher_id) VALUES(1829,'Lord Jim',117,1953,55);
INSERT INTO book (id, title, author_id, publishing_year, publisher_id) VALUES(1830,'Bossypants',163,1956,152);
INSERT INTO book (id, title, author_id, publishing_year, publisher_id) VALUES(1831,'The Thief Lord',185,1993,12);
INSERT INTO book (id, title, author_id, publishing_year, publisher_id) VALUES(1832,'The Tao of Pooh',239,1942,123);
INSERT INTO book (id, title, author_id, publishing_year, publisher_id) VALUES(1833,'Eric',373,1978,29);
INSERT INTO book (id, title, author_id, publishing_year, publisher_id) VALUES(1834,'Dead Souls',195,1989,30);
INSERT INTO book (id, title, author_id, publishing_year, publisher_id) VALUES(1835,'A Discovery of Witches',221,1992,34);
INSERT INTO book (id, title, author_id, publishing_year, publisher_id) VALUES(1836,'Invisible Cities',79,1931,1);
INSERT INTO book (id, title, author_id, publishing_year, publisher_id) VALUES(1837,'Different Seasons',265,1948,120);
INSERT INTO book (id, title, author_id, publishing_year, publisher_id) VALUES(1838,'Make Way for Ducklings',309,1944,82);
INSERT INTO book (id, title, author_id, publishing_year, publisher_id) VALUES(1839,'From Dead to Worse',222,1981,16);
INSERT INTO book (id, title, author_id, publishing_year, publisher_id) VALUES(1840,'The Last Continent',373,1962,98);
INSERT INTO book (id, title, author_id, publishing_year, publisher_id) VALUES(1841,'Walk Two Moons',122,1991,135);
INSERT INTO book (id, title, author_id, publishing_year, publisher_id) VALUES(1842,'The Carnivorous Carnival',435,1997,19);
INSERT INTO book (id, title, author_id, publishing_year, publisher_id) VALUES(1843,'Go Ask Alice',438,1948,83);
INSERT INTO book (id, title, author_id, publishing_year, publisher_id) VALUES(1844,'How to Be Good',241,1999,89);
INSERT INTO book (id, title, author_id, publishing_year, publisher_id) VALUES(1845,'The Slippery Slope',435,2003,109);
INSERT INTO book (id, title, author_id, publishing_year, publisher_id) VALUES(1846,'Memnoch the Devil',384,1957,120);
INSERT INTO book (id, title, author_id, publishing_year, publisher_id) VALUES(1847,'The Twits',128,1932,44);
INSERT INTO book (id, title, author_id, publishing_year, publisher_id) VALUES(1848,'The Truth',373,1937,112);
INSERT INTO book (id, title, author_id, publishing_year, publisher_id) VALUES(1849,'Fried Green Tomatoes at the Whistle Stop Cafe: A Novel',170,1967,97);
INSERT INTO book (id, title, author_id, publishing_year, publisher_id) VALUES(1850,'Interesting Times',373,1988,93);
INSERT INTO book (id, title, author_id, publishing_year, publisher_id) VALUES(1851,'The Hero with a Thousand Faces',80,1986,101);
INSERT INTO book (id, title, author_id, publishing_year, publisher_id) VALUES(1852,'The Autobiography of Malcolm X',505,1940,92);
INSERT INTO book (id, title, author_id, publishing_year, publisher_id) VALUES(1853,'The Other Hand',108,1979,111);
INSERT INTO book (id, title, author_id, publishing_year, publisher_id) VALUES(1854,'Grave Peril',75,1946,5);
INSERT INTO book (id, title, author_id, publishing_year, publisher_id) VALUES(1855,'The Pickwick Papers',140,1956,102);
INSERT INTO book (id, title, author_id, publishing_year, publisher_id) VALUES(1856,'Contact',402,1978,72);
INSERT INTO book (id, title, author_id, publishing_year, publisher_id) VALUES(1857,'Making Money',373,1951,10);
INSERT INTO book (id, title, author_id, publishing_year, publisher_id) VALUES(1858,'The Vile Village',435,1965,63);
INSERT INTO book (id, title, author_id, publishing_year, publisher_id) VALUES(1859,'The Killer Angels',421,1977,85);
INSERT INTO book (id, title, author_id, publishing_year, publisher_id) VALUES(1860,'A Breath of Snow and Ashes',187,2002,74);
INSERT INTO book (id, title, author_id, publishing_year, publisher_id) VALUES(1861,'A Child Called "It"',363,1987,18);
INSERT INTO book (id, title, author_id, publishing_year, publisher_id) VALUES(1862,'Mistborn: The Final Empire',405,1992,116);
INSERT INTO book (id, title, author_id, publishing_year, publisher_id) VALUES(1863,'Wild Swans: Three Daughters of China',94,1971,47);
INSERT INTO book (id, title, author_id, publishing_year, publisher_id) VALUES(1864,'The Valley of Horses',33,1934,110);
INSERT INTO book (id, title, author_id, publishing_year, publisher_id) VALUES(1865,'Bud, Not Buddy',127,1971,89);
INSERT INTO book (id, title, author_id, publishing_year, publisher_id) VALUES(1866,'Night Shift',265,1954,21);
INSERT INTO book (id, title, author_id, publishing_year, publisher_id) VALUES(1867,'Villette',59,1949,45);
INSERT INTO book (id, title, author_id, publishing_year, publisher_id) VALUES(1868,'The Tombs of Atuan',212,1967,1);
INSERT INTO book (id, title, author_id, publishing_year, publisher_id) VALUES(1869,'Gathering Blue',291,1935,113);
INSERT INTO book (id, title, author_id, publishing_year, publisher_id) VALUES(1870,'Who Moved My Cheese?',251,1962,33);
INSERT INTO book (id, title, author_id, publishing_year, publisher_id) VALUES(1871,'The Sandman: The Doll''s House',188,1953,27);
INSERT INTO book (id, title, author_id, publishing_year, publisher_id) VALUES(1872,'The Angel''s Game',507,1986,145);
INSERT INTO book (id, title, author_id, publishing_year, publisher_id) VALUES(1873,'Farmer Boy',498,1958,68);
INSERT INTO book (id, title, author_id, publishing_year, publisher_id) VALUES(1874,'The Mill on the Floss',155,1959,27);
INSERT INTO book (id, title, author_id, publishing_year, publisher_id) VALUES(1875,'Of Human Bondage',304,1990,60);
INSERT INTO book (id, title, author_id, publishing_year, publisher_id) VALUES(1876,'Matched',116,1943,66);
INSERT INTO book (id, title, author_id, publishing_year, publisher_id) VALUES(1877,'The Pilot''s Wife',425,1948,100);
INSERT INTO book (id, title, author_id, publishing_year, publisher_id) VALUES(1878,'Maniac Magee',442,1968,41);
INSERT INTO book (id, title, author_id, publishing_year, publisher_id) VALUES(1879,'The Lies of Locke Lamora',293,1948,93);
INSERT INTO book (id, title, author_id, publishing_year, publisher_id) VALUES(1880,'By the Shores of Silver Lake',498,1996,111);
INSERT INTO book (id, title, author_id, publishing_year, publisher_id) VALUES(1881,'The Last Juror',208,1961,153);
INSERT INTO book (id, title, author_id, publishing_year, publisher_id) VALUES(1882,'Christine',265,1938,94);
INSERT INTO book (id, title, author_id, publishing_year, publisher_id) VALUES(1883,'The Dark Half',265,1945,150);
INSERT INTO book (id, title, author_id, publishing_year, publisher_id) VALUES(1884,'Just So Stories',269,1971,122);
INSERT INTO book (id, title, author_id, publishing_year, publisher_id) VALUES(1885,'The Dark Is Rising',119,1998,41);
INSERT INTO book (id, title, author_id, publishing_year, publisher_id) VALUES(1886,'Perelandra',287,1958,113);
INSERT INTO book (id, title, author_id, publishing_year, publisher_id) VALUES(1887,'Tis: A Memoir',310,1960,56);
INSERT INTO book (id, title, author_id, publishing_year, publisher_id) VALUES(1888,'The Mayor of Casterbridge',220,1986,48);
INSERT INTO book (id, title, author_id, publishing_year, publisher_id) VALUES(1889,'Captain Corelli''s Mandolin',47,1979,21);
INSERT INTO book (id, title, author_id, publishing_year, publisher_id) VALUES(1890,'The Illustrated Man',54,1948,93);
INSERT INTO book (id, title, author_id, publishing_year, publisher_id) VALUES(1891,'Click, Clack, Moo: Cows That Type',124,1970,106);
INSERT INTO book (id, title, author_id, publishing_year, publisher_id) VALUES(1892,'Madeline',45,2005,30);
INSERT INTO book (id, title, author_id, publishing_year, publisher_id) VALUES(1893,'Fathers and Sons',472,1991,105);
INSERT INTO book (id, title, author_id, publishing_year, publisher_id) VALUES(1894,'Esperanza Rising',398,1947,103);
INSERT INTO book (id, title, author_id, publishing_year, publisher_id) VALUES(1895,'America (The Book): A Citizen''s Guide to Democracy Inaction',448,2006,7);
INSERT INTO book (id, title, author_id, publishing_year, publisher_id) VALUES(1896,'Holidays on Ice: Stories',414,1938,122);
INSERT INTO book (id, title, author_id, publishing_year, publisher_id) VALUES(1897,'The Bonesetter''s Daughter',461,1935,16);
INSERT INTO book (id, title, author_id, publishing_year, publisher_id) VALUES(1898,'The Long Winter',498,1959,88);
INSERT INTO book (id, title, author_id, publishing_year, publisher_id) VALUES(1899,'The Summons',208,1957,58);
INSERT INTO book (id, title, author_id, publishing_year, publisher_id) VALUES(1900,'Case Histories',30,1995,26);
INSERT INTO book (id, title, author_id, publishing_year, publisher_id) VALUES(1901,'Kim',269,1970,54);
INSERT INTO book (id, title, author_id, publishing_year, publisher_id) VALUES(1902,'Clockwork Angel',103,1999,14);
INSERT INTO book (id, title, author_id, publishing_year, publisher_id) VALUES(1903,'God Is Not Great : How Religion Poisons Everything',236,1969,16);
INSERT INTO book (id, title, author_id, publishing_year, publisher_id) VALUES(1904,'Cloudy with a Chance of Meatballs',41,1953,64);
INSERT INTO book (id, title, author_id, publishing_year, publisher_id) VALUES(1905,'The Wise Man''s Fear',393,1960,112);
INSERT INTO book (id, title, author_id, publishing_year, publisher_id) VALUES(1906,'The King of Torts',208,1941,6);
INSERT INTO book (id, title, author_id, publishing_year, publisher_id) VALUES(1907,'Underworld',134,1971,99);
INSERT INTO book (id, title, author_id, publishing_year, publisher_id) VALUES(1908,'Pippi Longstocking',288,1978,61);
INSERT INTO book (id, title, author_id, publishing_year, publisher_id) VALUES(1909,'Chocolat',223,2009,73);
INSERT INTO book (id, title, author_id, publishing_year, publisher_id) VALUES(1910,'The House of the Seven Gables',227,1977,87);
INSERT INTO book (id, title, author_id, publishing_year, publisher_id) VALUES(1911,'The Murder of Roger Ackroyd',100,1946,139);
INSERT INTO book (id, title, author_id, publishing_year, publisher_id) VALUES(1912,'Travels with Charley: In Search of America',445,1992,87);
INSERT INTO book (id, title, author_id, publishing_year, publisher_id) VALUES(1913,'Maximum Ride',359,1943,88);
INSERT INTO book (id, title, author_id, publishing_year, publisher_id) VALUES(1914,'Animal, Vegetable, Miracle: A Year of Food Life',266,2004,122);
INSERT INTO book (id, title, author_id, publishing_year, publisher_id) VALUES(1915,'Dead and Gone',222,1978,64);
INSERT INTO book (id, title, author_id, publishing_year, publisher_id) VALUES(1916,'Hearts In Atlantis',265,1954,147);
INSERT INTO book (id, title, author_id, publishing_year, publisher_id) VALUES(1917,'The Hobbit / The Lord of the Rings',467,1956,127);
INSERT INTO book (id, title, author_id, publishing_year, publisher_id) VALUES(1918,'The Mouse and the Motorcycle',107,1934,53);
INSERT INTO book (id, title, author_id, publishing_year, publisher_id) VALUES(1919,'The Mammoth Hunters',33,1964,6);
INSERT INTO book (id, title, author_id, publishing_year, publisher_id) VALUES(1920,'The Taming of the Shrew',423,1968,150);
INSERT INTO book (id, title, author_id, publishing_year, publisher_id) VALUES(1921,'1st To Die',359,1990,137);
INSERT INTO book (id, title, author_id, publishing_year, publisher_id) VALUES(1922,'Rosencrantz and Guildenstern Are Dead',452,1994,7);
INSERT INTO book (id, title, author_id, publishing_year, publisher_id) VALUES(1923,'A Hat Full of Sky',373,1937,94);
INSERT INTO book (id, title, author_id, publishing_year, publisher_id) VALUES(1924,'Shogun',106,1995,15);
INSERT INTO book (id, title, author_id, publishing_year, publisher_id) VALUES(1925,'Baudolino',149,1944,80);
INSERT INTO book (id, title, author_id, publishing_year, publisher_id) VALUES(1926,'The Cuckoo''s Calling',189,1995,153);
INSERT INTO book (id, title, author_id, publishing_year, publisher_id) VALUES(1927,'Anathem',446,1943,68);
INSERT INTO book (id, title, author_id, publishing_year, publisher_id) VALUES(1928,'The Scarlet Pimpernel',350,1942,16);
INSERT INTO book (id, title, author_id, publishing_year, publisher_id) VALUES(1929,'Congo',123,1948,131);
INSERT INTO book (id, title, author_id, publishing_year, publisher_id) VALUES(1930,'Skeleton Crew',265,1977,53);
INSERT INTO book (id, title, author_id, publishing_year, publisher_id) VALUES(1931,'The Hotel New Hampshire',246,1959,66);
INSERT INTO book (id, title, author_id, publishing_year, publisher_id) VALUES(1932,'Lisey''s Story',265,1942,110);
INSERT INTO book (id, title, author_id, publishing_year, publisher_id) VALUES(1933,'Wintersmith',373,1966,43);
INSERT INTO book (id, title, author_id, publishing_year, publisher_id) VALUES(1934,'The Prince and the Pauper',473,1933,106);
INSERT INTO book (id, title, author_id, publishing_year, publisher_id) VALUES(1935,'The Five Love Languages',95,1999,147);
INSERT INTO book (id, title, author_id, publishing_year, publisher_id) VALUES(1936,'Till We Have Faces: A Myth Retold',287,1976,15);
INSERT INTO book (id, title, author_id, publishing_year, publisher_id) VALUES(1937,'Three to Get Deadly',161,1993,19);
INSERT INTO book (id, title, author_id, publishing_year, publisher_id) VALUES(1938,'The Polar Express',25,1966,80);
INSERT INTO book (id, title, author_id, publishing_year, publisher_id) VALUES(1939,'Royal Assassin',237,1988,106);
INSERT INTO book (id, title, author_id, publishing_year, publisher_id) VALUES(1940,'Bury My Heart at Wounded Knee: An Indian History of the American West',65,1985,117);
INSERT INTO book (id, title, author_id, publishing_year, publisher_id) VALUES(1941,'A Visit from the Goon Squad',152,1958,107);
INSERT INTO book (id, title, author_id, publishing_year, publisher_id) VALUES(1942,'Nightmares & Dreamscapes',265,1983,88);
INSERT INTO book (id, title, author_id, publishing_year, publisher_id) VALUES(1943,'The Sonnets',423,1933,122);
INSERT INTO book (id, title, author_id, publishing_year, publisher_id) VALUES(1944,'A Wild Sheep Chase',334,1942,12);
INSERT INTO book (id, title, author_id, publishing_year, publisher_id) VALUES(1945,'Fingersmith',483,1983,86);
INSERT INTO book (id, title, author_id, publishing_year, publisher_id) VALUES(1946,'Specials',490,2001,34);
INSERT INTO book (id, title, author_id, publishing_year, publisher_id) VALUES(1947,'American Pastoral',391,1962,33);
INSERT INTO book (id, title, author_id, publishing_year, publisher_id) VALUES(1948,'Trainspotting',489,1987,85);
INSERT INTO book (id, title, author_id, publishing_year, publisher_id) VALUES(1949,'The Problem of Pain',287,1959,82);
INSERT INTO book (id, title, author_id, publishing_year, publisher_id) VALUES(1950,'Four to Score',161,1933,97);
INSERT INTO book (id, title, author_id, publishing_year, publisher_id) VALUES(1951,'Duma Key',265,1941,43);
INSERT INTO book (id, title, author_id, publishing_year, publisher_id) VALUES(1952,'Haunted',353,1974,138);
INSERT INTO book (id, title, author_id, publishing_year, publisher_id) VALUES(1953,'We Need To Talk About Kevin',426,1984,154);
INSERT INTO book (id, title, author_id, publishing_year, publisher_id) VALUES(1954,'Tom Jones',167,1974,18);
INSERT INTO book (id, title, author_id, publishing_year, publisher_id) VALUES(1955,'The Return of the Native',220,1967,131);
INSERT INTO book (id, title, author_id, publishing_year, publisher_id) VALUES(1956,'Pale Fire',335,1982,114);
INSERT INTO book (id, title, author_id, publishing_year, publisher_id) VALUES(1957,'Hoot',233,1947,80);
INSERT INTO book (id, title, author_id, publishing_year, publisher_id) VALUES(1958,'The Dante Club',362,1943,97);
INSERT INTO book (id, title, author_id, publishing_year, publisher_id) VALUES(1959,'The Black Swan: The Impact of the Highly Improbable',460,1937,15);
INSERT INTO book (id, title, author_id, publishing_year, publisher_id) VALUES(1960,'The Hiding Place',51,1964,38);
INSERT INTO book (id, title, author_id, publishing_year, publisher_id) VALUES(1961,'Thinking, Fast and Slow',258,1998,2);
INSERT INTO book (id, title, author_id, publishing_year, publisher_id) VALUES(1962,'Prelude to Foundation',29,1980,77);
INSERT INTO book (id, title, author_id, publishing_year, publisher_id) VALUES(1963,'The Little Engine That Could',366,1988,81);
INSERT INTO book (id, title, author_id, publishing_year, publisher_id) VALUES(1964,'Dolores Claiborne',265,2006,136);
INSERT INTO book (id, title, author_id, publishing_year, publisher_id) VALUES(1965,'Cinder',316,1990,79);
INSERT INTO book (id, title, author_id, publishing_year, publisher_id) VALUES(1966,'The Case for Christ: A Journalist''s Personal Investigation of the Evidence for Jesus',454,1983,121);
INSERT INTO book (id, title, author_id, publishing_year, publisher_id) VALUES(1967,'Wide Sargasso Sea',383,2004,81);
INSERT INTO book (id, title, author_id, publishing_year, publisher_id) VALUES(1968,'The Robber Bride',32,1942,149);
INSERT INTO book (id, title, author_id, publishing_year, publisher_id) VALUES(1969,'Smilla''s Sense of Snow',238,1938,21);
INSERT INTO book (id, title, author_id, publishing_year, publisher_id) VALUES(1970,'Summer Knight',75,1977,140);
INSERT INTO book (id, title, author_id, publishing_year, publisher_id) VALUES(1971,'Shiver',449,2004,137);
INSERT INTO book (id, title, author_id, publishing_year, publisher_id) VALUES(1972,'Amsterdam',313,1981,131);
INSERT INTO book (id, title, author_id, publishing_year, publisher_id) VALUES(1973,'If I Stay',175,1945,130);
INSERT INTO book (id, title, author_id, publishing_year, publisher_id) VALUES(1974,'Knife of Dreams',253,2002,47);
INSERT INTO book (id, title, author_id, publishing_year, publisher_id) VALUES(1975,'Hop on Pop',419,1962,138);
INSERT INTO book (id, title, author_id, publishing_year, publisher_id) VALUES(1976,'Doomsday Book',500,1966,10);
INSERT INTO book (id, title, author_id, publishing_year, publisher_id) VALUES(1977,'Gerald''s Game',265,1996,124);
INSERT INTO book (id, title, author_id, publishing_year, publisher_id) VALUES(1978,'Galápagos',478,1937,3);
INSERT INTO book (id, title, author_id, publishing_year, publisher_id) VALUES(1979,'The Mother Tongue',67,1960,93);
INSERT INTO book (id, title, author_id, publishing_year, publisher_id) VALUES(1980,'A Manual for Writers of Term Papers, Theses, and Dissertations',471,1940,42);
INSERT INTO book (id, title, author_id, publishing_year, publisher_id) VALUES(1981,'Heretics of Dune',231,1993,95);
INSERT INTO book (id, title, author_id, publishing_year, publisher_id) VALUES(1982,'The Castle',257,1986,15);
INSERT INTO book (id, title, author_id, publishing_year, publisher_id) VALUES(1983,'Good to Great: Why Some Companies Make the Leap... and Others Don''t',113,1949,63);
INSERT INTO book (id, title, author_id, publishing_year, publisher_id) VALUES(1984,'Foundation and Earth',29,1952,116);
INSERT INTO book (id, title, author_id, publishing_year, publisher_id) VALUES(1985,'Dear John',439,1937,109);
INSERT INTO book (id, title, author_id, publishing_year, publisher_id) VALUES(1986,'Mr. Popper''s Penguins',31,1937,107);
INSERT INTO book (id, title, author_id, publishing_year, publisher_id) VALUES(1987,'Pawn of Prophecy',150,1958,17);
INSERT INTO book (id, title, author_id, publishing_year, publisher_id) VALUES(1988,'Frog and Toad are Friends',289,1953,131);
INSERT INTO book (id, title, author_id, publishing_year, publisher_id) VALUES(1989,'The Sword of Shannara',63,1972,59);
INSERT INTO book (id, title, author_id, publishing_year, publisher_id) VALUES(1990,'Little Town on the Prairie',498,1952,36);
INSERT INTO book (id, title, author_id, publishing_year, publisher_id) VALUES(1991,'The Spy Who Came in from the Cold',87,1939,34);
INSERT INTO book (id, title, author_id, publishing_year, publisher_id) VALUES(1992,'The Cost of Discipleship',50,2004,111);
INSERT INTO book (id, title, author_id, publishing_year, publisher_id) VALUES(1993,'Red Mars',388,1998,74);
INSERT INTO book (id, title, author_id, publishing_year, publisher_id) VALUES(1994,'Seabiscuit: An American Legend',234,2003,63);
INSERT INTO book (id, title, author_id, publishing_year, publisher_id) VALUES(1995,'The Sense of an Ending',40,1950,36);
INSERT INTO book (id, title, author_id, publishing_year, publisher_id) VALUES(1996,'The Sweetness at the Bottom of the Pie: A Flavia de Luce Mystery',55,2000,115);
INSERT INTO book (id, title, author_id, publishing_year, publisher_id) VALUES(1997,'His Majesty''s Dragon',342,1978,58);
INSERT INTO book (id, title, author_id, publishing_year, publisher_id) VALUES(1998,'Macbeth',423,1989,14);
INSERT INTO book (id, title, author_id, publishing_year, publisher_id) VALUES(1999,'Hag Seed',32,2016,149);

CREATE INDEX idx_book_publisher_id ON book (publisher_id);
CREATE INDEX idx_book_author_id ON book (author_id);

ALTER TABLE author AUTO_INCREMENT = 512;
ALTER TABLE book AUTO_INCREMENT = 2000;
ALTER TABLE publisher AUTO_INCREMENT = 160;
